"Country","Year","Count.of.cities","Average.of.PM2.5..μg.m..","Average.of.NO2..μg.m..","CO2.emission..Tons.","Population","Area","Electrical.Car.Usage","level_of_development","greenhousegas_emission_mtco2equivalent","annual_growth_rate_perc","SDG.score","Sustainability.Range","Sustainable"
"Australia","2010",9,15.18666667,NA,14578929980,22154687,7692024,NA,"Developed Economies",535.54922,0.005951,73.42453859,"Front-Runner",1
"Austria","2010",115,18.35727273,22.09836364,4838108349,8409945,83871,NA,"Developed Economies",84.33672,0.0138559,79.63215094,"Front-Runner",1
"Bahrain","2010",1,NA,NA,610556764,1240864,765,NA,"Developing Economies",0,-0.003538,62.60012948,"Performer",0
"Bangladesh","2010",4,92.65,NA,816943497,147575433,147570,NA,"Least Developed",0,0.0439098,55.66053978,"Performer",0
"Belgium","2010",59,16.72181818,25.02320755,11552112925,10938735,30528,0.0064,"Developed Economies",133.63352,0.0211458,77.1654122,"Front-Runner",1
"Bhutan","2010",1,NA,NA,7302727,685502,38394,NA,"Least Developed",1.62353,0.1077236,63.88759203,"Performer",0
"Bosnia and Herzegovina","2010",2,64.77,25.79,737422552,3705478,51209,NA,"Economies in Transition",25.7402,0.0169497,67.90071937,"Front-Runner",1
"Brazil","2010",48,16.77666667,24.54642857,11227577782,195713637,8515767,NA,"Developing Economies",921.0551,0.0652437,70.28621401,"Front-Runner",1
"Bulgaria","2010",28,23.8475,21.51176471,3377131127,7425011,110879,NA,"Developed Economies",59.79637,0.022052,72.77624545,"Front-Runner",1
"Chile","2010",12,25.83818182,21.29636364,2083958001,17062531,756102,NA,"Developing Economies",89.41632,0.047509,72.69925231,"Front-Runner",1
"Colombia","2010",6,32.33,32.44333333,2531260831,45222699,1141748,NA,"Developing Economies",0,0.0340253,66.17398571,"Front-Runner",1
"Croatia","2010",5,NA,21.292,895608467,4328163,56594,NA,"Developed Economies",27.75297,-0.0095184,73.87080324,"Front-Runner",1
"Cyprus","2010",5,20.048,18.31,221404272,1112617,9251,NA,"Developed Economies",9.44439,-0.006183,71.08270434,"Front-Runner",1
"Czech Republic","2010",95,23.61333333,19.30672131,10866580987,10536514,78865,NA,"Developed Economies",139.6059,0.0196472,76.60224786,"Front-Runner",1
"Denmark","2010",5,15.08666667,25.33,3720566069,5554849,43094,0.030999999,"Developed Economies",64.66411,0.0134913,83.54030994,"Front-Runner",1
"Ecuador","2010",2,19.27,20.54,815439334,15011114,276841,NA,"Developing Economies",56.33313,0.0189293,66.69283497,"Front-Runner",1
"El Salvador","2010",1,29.75,NA,167968202,6183877,21041,NA,"Developing Economies",0,0.0167379,65.78779734,"Front-Runner",1
"Estonia","2010",7,7.726666667,8.521428571,1461641514,1332103,45227,NA,"Developed Economies",21.21819,0.027545,76.45626225,"Front-Runner",1
"Finland","2010",28,8.529166667,16.76444444,2720121704,5365784,338424,NA,"Developed Economies",75.62163,0.0273366,85.17761099,"Front-Runner",1
"France","2010",358,17.74651515,23.06571429,35420170456,62879535,551695,0.0085,"Developed Economies",513.46178,0.0139375,78.08559048,"Front-Runner",1
"Germany","2010",301,17.3460241,25.70768421,84896342383,80827001,357114,0.0049,"Developed Economies",941.80534,0.0427392,79.03624713,"Front-Runner",1
"Greece","2010",16,14.86,25.72857143,3316325527,10887640,131990,NA,"Developed Economies",118.50004,-0.0485673,73.12758571,"Front-Runner",1
"Hungary","2010",19,21.6425,20.97833333,4536670970,9927380,93028,NA,"Developed Economies",66.05658,0.0140965,76.07131949,"Front-Runner",1
"Iceland","2010",3,7.735,7.23,117104981,320342,103000,0.059999999,"Developed Economies",4.86627,-0.0412681,76.74113408,"Front-Runner",1
"India","2010",161,NA,20.17388158,31697767327,1234281163,3287590,0.021,"Developing Economies",2100.84973,0.0704235,53.62833126,"Performer",0
"Iran, Islamic Rep.","2010",15,NA,NA,12318509769,73762519,1648195,NA,"Developing Economies",0,0.0572643,63.33962465,"Performer",0
"Ireland","2010",8,11.46,17.57666667,1845724351,4554330,70273,NA,"Developed Economies",61.94941,0.0042023,78.89458669,"Front-Runner",1
"Italy","2010",391,20.08811765,27.78850136,21127094887,59325232,301336,0.002,"Developed Economies",516.47373,0.0133678,75.68973123,"Front-Runner",1
"Japan","2010",14,10.64285714,NA,53579819796,128542349,377930,0.055,"Developed Economies",1300.45171,0.0410831,77.71662794,"Front-Runner",1
"Latvia","2010",4,21.49,34.62,876436716,2118855,64559,NA,"Developed Economies",11.82012,-0.0330216,76.08354993,"Front-Runner",1
"Lithuania","2010",10,15.85666667,14.18333333,1421086393,3123825,65300,NA,"Developed Economies",20.74236,0.030651,72.53628943,"Front-Runner",1
"Luxembourg","2010",5,14.07333333,23.734,656363443,507890,2586,NA,"Developed Economies",12.17642,0.0143919,73.64223518,"Front-Runner",1
"Malaysia","2010",1,21,NA,3595975009,28208028,330803,NA,"Developing Economies",301.00112,0.0562355,65.76663936,"Front-Runner",1
"Malta","2010",3,14.98333333,18.935,84853192,414257,316,NA,"Developed Economies",2.96846,0.0485548,71.4277151,"Front-Runner",1
"Mauritius","2010",2,NA,NA,73639072,1247953,2040,NA,"Developing Economies",0,0.040456,65.7393652,"Front-Runner",1
"Mexico","2010",15,22.67714286,29.19714286,15450872585,114092961,1964375,NA,"Developing Economies",638.60589,0.0361719,65.90708817,"Front-Runner",1
"Mongolia","2010",3,46.03333333,NA,350329413,2719902,1564110,NA,"Not Specified",0,0.0456249,62.24015807,"Performer",0
"Montenegro","2010",4,NA,24.525,81031336,624279,13812,NA,"Economies in Transition",4.02482,0.0251448,67.21262908,"Front-Runner",1
"Netherlands","2010",40,16.92052632,25.18342857,10142196842,16682927,41850,0.025,"Developed Economies",211.67515,0.009992,78.25626947,"Front-Runner",1
"Nigeria","2010",1,27.43,NA,2692340377,158503203,923768,NA,"Developing Economies",0,0.0515855,51.09041179,"Performer",0
"North Macedonia","2010",7,NA,17.67,559273051,2070737,0,NA,"Not Specified",0,0.0327383,66.21887202,"Front-Runner",1
"Norway","2010",16,10.55,30.13153846,2190112609,4885878,323802,0.280000001,"Developed Economies",55.26559,-0.0051482,80.71840826,"Front-Runner",1
"Pakistan","2010",3,95.33333333,NA,3229461507,179424643,881912,NA,"Developing Economies",0,-0.006013,54.59028606,"Performer",0
"Paraguay","2010",1,18.4,NA,111001192,6248017,406752,NA,"Developing Economies",0,0.0960078,63.60885814,"Performer",0
"Peru","2010",6,30.57,19.1425,1436547849,29027680,1285216,NA,"Developing Economies",80.59102,0.0745536,67.66433158,"Front-Runner",1
"Poland","2010",167,29.42146341,17.91927083,24638424078,38329784,312679,0.0015,"Developed Economies",413.50155,0.0380043,76.10918627,"Front-Runner",1
"Portugal","2010",50,8.046,21.37565217,2119169747,10596055,92090,0.319999993,"Developed Economies",68.72703,0.0181442,75.62386401,"Front-Runner",1
"Republic of Korea","2010",16,NA,40.185,NA,49545638,NA,NA,"Developing Economies",657.5159,0.0637762,76.11655766,"Front-Runner",1
"Romania","2010",62,15.78157895,21.23,7721372522,20471860,238391,NA,"Developed Economies",117.69918,-0.0312141,73.81733277,"Front-Runner",1
"Senegal","2010",1,NA,22.07,147886640,12678143,196722,NA,"Least Developed",0,0.0136032,53.76298116,"Performer",0
"Serbia","2010",10,NA,21.743,2288999306,8991258,88361,NA,"Economies in Transition",0,0.011368,70.61175633,"Front-Runner",1
"Singapore","2010",1,17,23,1690353794,5131170,710,NA,"Developing Economies",46.8695,0.1085277,71.10515178,"Front-Runner",1
"Slovakia","2010",26,21.6535,28.843,3521031576,5404293,49037,NA,"Developed Economies",45.36393,0.0623151,74.77409898,"Front-Runner",1
"Slovenia","2010",13,18.69666667,22.09875,706680045,2043336,20273,NA,"Developed Economies",19.61354,0.0087094,76.7320007,"Front-Runner",1
"South Africa","2010",7,34.6975,38.86,16521105019,51216967,1221037,NA,"Developing Economies",0,0.0155109,59.10455273,"Performer",0
"Spain","2010",316,9.866119403,18.09382838,12244624388,46931011,505992,0.0077,"Developed Economies",357.87602,-0.0057854,76.79069542,"Front-Runner",1
"Sweden","2010",29,7.445555556,20.39055556,4552257184,9390157,450295,0.0013,"Developed Economies",64.55743,0.0508238,84.77056118,"Front-Runner",1
"Switzerland","2010",21,NA,20.91047619,2635113846,7808674,41284,0.046999998,"Developed Economies",54.72138,0.020147,78.45729349,"Front-Runner",1
"Tunisia","2010",4,NA,NA,619910731,10635245,163610,NA,"Developing Economies",0,0.0244493,67.36478739,"Front-Runner",1
"Turkey","2010",76,NA,NA,7020266449,72326992,783562,NA,"Developed Economies",NA,NA,68.36605042,"Front-Runner",1
"United Kingdom","2010",76,12.45795455,28.32013889,73998525977,63459801,242900,0.014,"Developed Economies",608.7323,0.0111561,78.62904735,"Front-Runner",1
"United States of America","2010",184,9.746760563,17.39117021,3.64e+11,309011469,9372610,0.011,"Developed Economies",6991.10634,0.0181014,73.11683396,"Front-Runner",1
"Australia","2011",9,12.59166667,NA,14984273863,22538002,7692024,0.0065,"Developed Economies",537.2055,0.0215074,73.55516478,"Front-Runner",1
"Bahrain","2011",2,NA,NA,639024410,1278153,765,NA,"Developed Economies",0,-0.0099197,61.9733348,"Performer",0
"Bangladesh","2011",4,101.475,NA,873499841,149273134,147570,NA,"Developed Economies",0,0.0525355,56.28351443,"Performer",0
"Bhutan","2011",4,NA,NA,7970157,693297,38394,NA,"Least Developed",1.64268,0.0676789,64.43335576,"Performer",0
"Brazil","2011",58,15.646,24.56171429,11690157782,197514541,8515767,NA,"Developing Economies",954.16329,0.030264,70.17522374,"Front-Runner",1
"Chile","2011",12,26.22363636,21.66,2162022405,17233584,756102,0.0025,"Developing Economies",0,0.0505762,72.79164146,"Front-Runner",1
"China","2011",3,75.53666667,NA,1.45e+11,1376497633,9706961,0.034000002,"Developing Economies",0,0.0893904,66.12242857,"Front-Runner",1
"Colombia","2011",9,22.5,26.55,2607340606,45662747,1141748,NA,"Developing Economies",0,0.0591724,66.63926373,"Front-Runner",1
"Ecuador","2011",2,17.82,18.53,852837710,15243885,276841,NA,"Developing Economies",0,0.0622104,67.4286986,"Front-Runner",1
"El Salvador","2011",1,33.3,NA,174467607,6210567,21041,NA,"Developing Economies",0,0.0336563,66.33164048,"Front-Runner",1
"Guatemala","2011",1,NA,31.75,297258925,14948792,108889,NA,"Developing Economies",0,0.0194347,56.92924171,"Performer",0
"Hungary","2011",1,NA,7.16,4586862312,9895689,93028,NA,"Developed Economies",64.35414,0.0218635,76.24163497,"Front-Runner",1
"India","2011",185,NA,20.54292398,33477897323,1250287939,3287590,0.056000002,"Developing Economies",0,0.03894,54.15883499,"Performer",0
"Indonesia","2011",1,17,NA,9330908794,245115988,1904569,NA,"Developing Economies",0,0.0474831,61.90110294,"Performer",0
"Iran, Islamic Rep.","2011",16,48.26,NA,12895846103,74634959,1648195,NA,"Developing Economies",0,0.0254179,64.0195556,"Performer",0
"Japan","2011",5,16.8,NA,54844685895,128498966,377930,0.330000013,"Developed Economies",1351.25166,0.0005758,77.97380364,"Front-Runner",1
"Maldives","2011",1,NA,NA,11801744,380493,300,NA,"Not Specified",1.2821,0.0435497,66.28838838,"Front-Runner",1
"Mauritius","2011",2,NA,NA,77555888,1251074,2040,NA,"Developing Economies",0,0.0381748,65.59620154,"Front-Runner",1
"Mexico","2011",24,26.82,26.89444444,15935037426,115695468,1964375,0.00039,"Developing Economies",650.40717,0.0222716,65.72636099,"Front-Runner",1
"Mongolia","2011",1,132,49,371755903,2770357,1564110,NA,"Not Specified",0,0.151544,61.34859154,"Performer",0
"Morocco","2011",2,NA,NA,1193178890,32781860,446550,NA,"Developing Economies",0,0.0485108,65.03524624,"Front-Runner",1
"Pakistan","2011",1,66.1,NA,3384121096,183340168,881912,NA,"Developing Economies",0,0.0055404,54.74926225,"Performer",0
"Peru","2011",6,36.0625,12.775,1485471938,29264314,1285216,NA,"Developing Economies",0,0.0546738,67.47907717,"Front-Runner",1
"Republic of Korea","2011",16,NA,39.245,NA,49786153,NA,NA,"Developing Economies",682.98564,0.0318475,76.06426814,"Front-Runner",1
"Senegal","2011",1,NA,27.67,155705477,13033814,196722,NA,"Least Developed",0,-0.0101569,54.19858894,"Performer",0
"Singapore","2011",1,17,25,1720625762,5263640,710,NA,"Developing Economies",0,0.0366179,71.50827237,"Front-Runner",1
"South Africa","2011",7,47.825,21.34666667,16995053971,52003759,1221037,NA,"Developing Economies",0,0.0172151,59.72935602,"Performer",0
"Spain","2011",9,12.79222222,NA,12529353918,47084242,505992,0.048999999,"Developed Economies",357.58845,-0.0113715,76.54246777,"Front-Runner",1
"Sri Lanka","2011",1,NA,NA,321295182,20398496,65610,NA,"Developing Economies",0,0.0767795,65.9196729,"Front-Runner",1
"Switzerland","2011",94,14.57777778,25.14820225,2676099290,7906988,41284,0.140000001,"Developed Economies",50.6064,0.0065315,79.03473224,"Front-Runner",1
"United Arab Emirates","2011",3,NA,21.1,3027873057,8946778,83600,NA,"Developing Economies",0,0.0218791,61.72246366,"Performer",0
"United Republic of Tanzania","2011",1,23.32,NA,147280272,45673520,945087,NA,"Least Developed",0,0.0475669,52.50850994,"Performer",0
"United States of America","2011",181,9.626428571,16.89783505,3.69e+11,311584051,9372610,0.170000002,"Developed Economies",6827.40242,0.0071146,73.45391211,"Front-Runner",1
"Venezuela (Bolivarian Republic of)","2011",2,35,NA,2197142185,28887873,331212,NA,"Developing Economies",0,0.0256114,65.44051172,"Front-Runner",1
"Viet Nam","2011",2,NA,NA,2197142185,88871384,331212,NA,"Developing Economies",0,0.0515994,67.56082332,"Front-Runner",1
"Australia","2012",12,14.45,7.965,15386939707,22903951,7692024,0.029999999,"Developed Economies",539.51105,0.0094585,73.89691464,"Front-Runner",1
"Bahrain","2012",5,57.8975,NA,666043287,1299942,765,NA,"Developing Economies",0,0.0198933,63.17242612,"Performer",0
"Bangladesh","2012",4,100.975,NA,934191161,151005733,147570,NA,"Least Developed",0,0.0529925,56.34359986,"Performer",0
"Bhutan","2012",4,NA,NA,8742879,701582,38394,NA,"Least Developed",1.72752,0.0387733,65.97246094,"Front-Runner",1
"Brazil","2012",65,15.308,25.07428571,12188466782,199287292,8515767,0.003,"Developing Economies",985.90461,0.0101453,70.58302913,"Front-Runner",1
"Cameroon","2012",3,82.66666667,NA,157692392,21485267,475442,NA,"Developing Economies",0,0.0172656,52.70948431,"Performer",0
"Chile","2012",11,25.12090909,NA,2241705986,17400359,756102,0.002,"Developing Economies",0,0.0430913,73.94196548,"Front-Runner",1
"China","2012",5,56.602,NA,1.55e+11,1384206408,9706961,0.061999999,"Developing Economies",11895.765,0.0726303,67.05791961,"Front-Runner",1
"Colombia","2012",10,24.83333333,23,2687067778,46075721,1141748,NA,"Developing Economies",0,0.0298128,67.33716814,"Front-Runner",1
"Ecuador","2012",9,18.43,19.63,889991732,15474099,276841,NA,"Developing Economies",60.19163,0.0407027,68.3091324,"Front-Runner",1
"El Salvador","2012",1,44.6,NA,180939489,6237922,21041,NA,"Developing Economies",0,0.0236321,67.31494853,"Front-Runner",1
"Ghana","2012",1,NA,NA,246380976,25996454,238533,NA,"Developing Economies",0,0.0673387,59.15791127,"Performer",0
"Guatemala","2012",1,NA,29.25,308816692,15270774,108889,NA,"Developing Economies",0,0.00799,58.01437962,"Performer",0
"India","2012",200,NA,23.02613402,35441483368,1265780243,3287590,0.0072,"Developing Economies",0,0.0416564,54.42112547,"Performer",0
"Iran, Islamic Rep.","2012",23,36.09833333,67.49875,13498584440,75539881,1648195,NA,"Developing Economies",0,-0.0490022,64.16451618,"Performer",0
"Israel","2012",34,21.20736842,NA,1893851260,7614946,20770,NA,"Developing Economies",83.82196,0.0109642,70.87954443,"Front-Runner",1
"Jamaica","2012",6,NA,NA,389196285,2842128,10991,NA,"Developing Economies",14.91849,-0.0118021,67.60020133,"Front-Runner",1
"Japan","2012",15,14.55866667,NA,56150695737,128423571,377930,0.529999971,"Developed Economies",1394.04399,0.0143427,78.0240521,"Front-Runner",1
"Lebanon","2012",1,30.3,NA,527888501,5537620,10452,NA,"Developing Economies",26.22353,-0.0367354,63.77407157,"Performer",0
"Malaysia","2012",1,15,NA,4028181570,29068189,330803,NA,"Developing Economies",0,0.0395954,66.59127906,"Front-Runner",1
"Mexico","2012",19,23.88272727,26.45181818,16431337006,117274156,1964375,0.011,"Developing Economies",647.10066,0.0224714,66.83143389,"Front-Runner",1
"Mongolia","2012",1,106,50,406786825,2824698,1564110,NA,"Not Specified",0,0.1015893,61.32116549,"Performer",0
"Morocco","2012",1,NA,NA,1250132430,33241898,446550,NA,"Developing Economies",96.10805,0.0088244,65.57255784,"Front-Runner",1
"Myanmar","2012",4,NA,NA,405017008,51413703,676578,NA,"Least Developed",0,0.0701076,58.6806722,"Performer",0
"New Zealand","2012",40,10.655,NA,1602742786,4468462,270467,0.017000001,"Developed Economies",80.44628,0.0145999,77.44048137,"Front-Runner",1
"Peru","2012",6,30.37,14.5975,1539512922,29506790,1285216,NA,"Developing Economies",84.564,0.0526753,67.88646141,"Front-Runner",1
"Philippines","2012",8,NA,NA,2400723081,97212639,342353,NA,"Developing Economies",0,0.0509072,61.57623338,"Performer",0
"Republic of Korea","2012",16,NA,37.9525,NA,50060639,NA,NA,"Developing Economies",687.09184,0.0184106,76.49687871,"Front-Runner",1
"Senegal","2012",1,NA,24.52,163067606,13401990,196722,NA,"Least Developed",0,0.0114874,55.41271863,"Performer",0
"Singapore","2012",1,19,25,1768770722,5369469,710,NA,"Developing Economies",48.33387,0.0240252,71.33318558,"Front-Runner",1
"South Africa","2012",11,27.28857143,22.98,17456192937,52832659,1221037,NA,"Developing Economies",0,0.0060971,59.96687983,"Performer",0
"Spain","2012",47,12.59714286,NA,12808317845,47063059,505992,0.075999998,"Developed Economies",350.31774,-0.0291577,76.75675183,"Front-Runner",1
"Switzerland","2012",93,12.73333333,24.23670455,2718353922,8008006,41284,0.219999999,"Developed Economies",51.94623,-0.0005965,79.43159954,"Front-Runner",1
"United Arab Emirates","2012",3,NA,27.79666667,3229421126,9141598,83600,NA,"Developing Economies",0,0.0225787,62.07265296,"Performer",0
"United States of America","2012",180,9.296190476,15.44424242,3.75e+11,314043885,9372610,0.409999996,"Developed Economies",6585.90777,0.0147954,73.54675217,"Front-Runner",1
"Venezuela (Bolivarian Republic of)","2012",1,NA,NA,6645460695,29360827,916445,NA,"Developing Economies",0,0.0392441,65.52336545,"Front-Runner",1
"Viet Nam","2012",3,NA,NA,2339694188,89801926,331212,NA,"Developing Economies",0,0.0415677,68.62806268,"Front-Runner",1
"France","2012",NA,NA,NA,36129836915,63564224,551695,NA,"Developed Economies",490.28617,-0.0022983,78.89489335,"Front-Runner",1
"Australia","2013",27,9.94,12.176,15780110326,23254912,7692024,0.034000002,"Developed Economies",530.31191,0.0098568,74.9612409,"Front-Runner",1
"Austria","2013",118,15.90217391,21.08065421,5043018968,8556191,83871,NA,"Developed Economies",79.81717,-0.0060533,80.66545591,"Front-Runner",1
"Bangladesh","2013",8,76.2475,28.58,995972826,152761413,147570,NA,"Least Developed",0,0.047952,57.25067969,"Performer",0
"Belgium","2013",63,14.81,23.98033898,11862176978,11154008,30528,0.140000001,"Developed Economies",120.44349,-0.0015907,78.16593548,"Front-Runner",1
"Bhutan","2013",4,NA,NA,9595659,710235,38394,NA,"Least Developed",1.86774,0.0087673,66.37211017,"Front-Runner",1
"Brazil","2013",63,14.16,23.1102439,12720884782,201035904,8515767,0.0055,"Developing Economies",1030.98567,0.0210889,71.15034965,"Front-Runner",1
"Bulgaria","2013",28,19.95571429,18.21294118,3521328658,7290092,110879,NA,"Developed Economies",54.89392,0.0003854,73.67254645,"Front-Runner",1
"Canada","2013",126,6.885225225,NA,29606508169,35296535,9984670,0.219999999,"Developed Economies",725.37184,0.0124341,76.86149237,"Front-Runner",1
"Chile","2013",24,30.40368421,1.01,2323516854,17571511,756102,0.0018,"Developing Economies",101.48059,0.0303148,74.41045546,"Front-Runner",1
"China","2013",10,75.35,52,1.65e+11,1391883335,9706961,0.082999997,"Developing Economies",0,0.0717176,68.11230595,"Front-Runner",1
"Colombia","2013",10,22.35,24.3,2774495634,46495492,1141748,NA,"Developing Economies",0,0.0418481,67.02770749,"Front-Runner",1
"Costa Rica","2013",7,18,NA,198725751,4742111,51100,NA,"Developing Economies",0,0.0132531,72.28492878,"Front-Runner",1
"Croatia","2013",6,23.005,20.2425,953784626,4276593,56594,NA,"Developed Economies",24.3306,0.0008606,76.65111685,"Front-Runner",1
"Cyprus","2013",5,15.958,16.465,243033462,1143866,9251,NA,"Developed Economies",7.91878,-0.0633494,70.96881303,"Front-Runner",1
"Czech Republic","2013",86,20.158125,17.69933333,11199563775,10586529,78865,NA,"Developed Economies",128.69189,-0.0009538,77.77294604,"Front-Runner",1
"Denmark","2013",7,11.0625,18.13714286,3846367301,5638152,43094,0.280000001,"Developed Economies",56.56081,0.0044566,84.58740798,"Front-Runner",1
"Ecuador","2013",2,18.45,21.435,929354073,15707473,276841,NA,"Developing Economies",0,0.0338727,68.75177264,"Front-Runner",1
"Egypt","2013",2,NA,NA,4721875713,88404652,1002450,NA,"Developing Economies",0,-0.0010613,65.5591007,"Front-Runner",1
"El Salvador","2013",1,43.9,NA,187033961,6266076,21041,NA,"Developing Economies",0,0.0177939,67.69747374,"Front-Runner",1
"Estonia","2013",7,6.645714286,8.643333333,1518316580,1319068,45227,NA,"Developed Economies",22.01984,0.0177356,76.98772668,"Front-Runner",1
"Finland","2013",30,6.407692308,14.30473684,2879745808,5438984,338424,0.209999993,"Developed Economies",62.79727,-0.0134284,85.996418,"Front-Runner",1
"Germany","2013",292,14.11073394,29.82421053,87350997794,81174373,357114,0.230000004,"Developed Economies",940.41954,0.0018798,79.92160728,"Front-Runner",1
"Ghana","2013",1,NA,NA,260560852,26607641,238533,NA,"Developing Economies",0,0.055492,59.01412248,"Performer",0
"Greece","2013",19,10.02,20.2475,3584041770,10740501,131990,0.0051,"Developed Economies",102.68438,-0.0214727,72.76201996,"Front-Runner",1
"Guatemala","2013",2,40.88,34.75,321600306,15595821,108889,NA,"Developing Economies",0,0.0153617,57.74493812,"Performer",0
"Honduras","2013",1,36,NA,188561583,8798524,112492,NA,"Developing Economies",0,0.009476,61.07672099,"Performer",0
"Hungary","2013",19,17.02333333,19.34777778,4677210031,9833923,93028,NA,"Developed Economies",58.06818,0.0212144,76.36692629,"Front-Runner",1
"Iceland","2013",3,NA,1.08,127585850,327194,103000,1.299999952,"Developed Economies",4.65439,0.0406195,77.33995196,"Front-Runner",1
"India","2013",221,NA,20.77913242,37478420449,1280842119,3287590,0.016000001,"Developing Economies",0,0.0513508,55.13661225,"Performer",0
"Iran, Islamic Rep.","2013",19,44.825,61.99923077,14108794485,76481963,1648195,NA,"Developing Economies",0,-0.02735,64.8400862,"Performer",0
"Ireland","2013",13,10.876,13.26285714,1959355388,4615426,70273,NA,"Developed Economies",58.57058,0.0110851,79.81100763,"Front-Runner",1
"Israel","2013",34,22.17842105,NA,1956982946,7734834,20770,NA,"Developing Economies",78.27245,0.0315328,71.31584102,"Front-Runner",1
"Italy","2013",307,18.26977778,24.80948276,22324653965,60166828,301336,0.075000003,"Developed Economies",449.17893,-0.0230988,77.33748831,"Front-Runner",1
"Latvia","2013",6,14.1,17.582,899135270,2044950,64559,NA,"Developed Economies",10.76341,0.0321091,77.53901989,"Front-Runner",1
"Lithuania","2013",10,15.086,14.75333333,1463079340,3008938,65300,NA,"Developed Economies",20.024,0.0481056,73.80844832,"Front-Runner",1
"Luxembourg","2013",6,15.93333333,25.8275,688652598,542554,2586,NA,"Developed Economies",11.2704,0.0094638,73.80721249,"Front-Runner",1
"Malta","2013",4,13.21,17.555,92634829,426144,316,NA,"Developed Economies",2.8716,0.043987,73.11768985,"Front-Runner",1
"Mexico","2013",23,25.50272727,24.36357143,16921466676,118827158,1964375,0.0013,"Developing Economies",605.88732,0.0002945,66.91866968,"Front-Runner",1
"Mongolia","2013",1,72.06,57,450345614,2881783,1564110,NA,"Not Specified",0,0.0943711,61.70432852,"Performer",0
"Montenegro","2013",4,NA,19.31,87802408,626342,13812,NA,"Economies in Transition",0,0.0347955,68.34418273,"Front-Runner",1
"Morocco","2013",3,NA,NA,1306738847,33715705,446550,NA,"Developing Economies",0,0.0344706,66.4323233,"Front-Runner",1
"Myanmar","2013",6,NA,NA,417954508,51852464,676578,NA,"Least Developed",0,0.072841,59.23327066,"Performer",0
"Nepal","2013",1,49.11,NA,82454267,26916795,147181,NA,"Least Developed",0,0.038035,60.95826708,"Performer",0
"Netherlands","2013",61,14.3271875,23.47076923,10639853164,16843512,41850,5.400000095,"Developed Economies",193.38753,-0.0043639,78.67128711,"Front-Runner",1
"North Macedonia","2013",4,44.5,23.43,584976011,2076065,0,NA,"Not Specified",0,0.0283614,69.39370241,"Front-Runner",1
"Norway","2013",15,8.92125,30.37181818,2323910609,5079460,323802,5.800000191,"Developed Economies",53.9891,-0.0027366,81.06434279,"Front-Runner",1
"Pakistan","2013",1,36.5,NA,3688447983,191260799,881912,NA,"Developing Economies",0,0.0222367,56.42579986,"Performer",0
"Panama","2013",1,14,NA,231946858,3835447,75417,NA,"Developing Economies",0,0.0509704,61.83334097,"Performer",0
"Peru","2013",11,34.52166667,19.64,1582575432,29773986,1285216,NA,"Developing Economies",0,0.0490257,68.48600539,"Front-Runner",1
"Philippines","2013",15,32.5,NA,2496517164,98871558,342353,NA,"Developing Economies",0,0.0495942,62.03649746,"Performer",0
"Poland","2013",179,24.48269841,16.83212963,25622046443,38158043,312679,0.0051,"Developed Economies",401.63824,0.0130863,76.86887157,"Front-Runner",1
"Portugal","2013",30,6.382857143,14.8725,2269145276,10473025,92090,0.170000002,"Developed Economies",63.54223,-0.0041854,76.11043655,"Front-Runner",1
"Republic of Korea","2013",16,NA,39.48,NA,50345720,NA,NA,"Developing Economies",696.85331,0.0258055,76.3832345,"Front-Runner",1
"Romania","2013",54,16.054,20.75354839,7966052110,20132780,238391,NA,"Developed Economies",113.04833,0.0425905,75.43108193,"Front-Runner",1
"Senegal","2013",1,30,36.16,170920275,13782429,196722,NA,"Least Developed",0,0.0099162,54.72454349,"Performer",0
"Serbia","2013",14,NA,23.97785714,2426226690,8918892,88361,NA,"Economies in Transition",0,0.0339435,72.18165276,"Front-Runner",1
"Singapore","2013",1,20,25,1823137154,5453732,710,NA,"Developing Economies",0,0.0321755,71.3019952,"Front-Runner",1
"Slovenia","2013",14,17.14333333,21.02333333,753856792,2063120,20273,NA,"Developed Economies",18.22097,-0.0128291,78.50152549,"Front-Runner",1
"South Africa","2013",11,24.225,30.05875,17912058881,53687125,1221037,0.0075,"Developing Economies",0,0.0085407,60.39656106,"Performer",0
"Spain","2013",303,8.446447368,15.80035714,13061043968,46930554,505992,0.119999997,"Developed Economies",323.52594,-0.011571,77.06720528,"Front-Runner",1
"Sri Lanka","2013",1,NA,NA,351772340,20663053,65610,NA,"Developing Economies",0,0.0274298,66.63923536,"Front-Runner",1
"Sweden","2013",36,6.3775,17.69962963,4693494300,9618016,450295,0.529999971,"Developed Economies",55.71895,0.0039658,85.15508376,"Front-Runner",1
"Switzerland","2013",117,14.04615385,24.569375,2761539603,8108876,41284,0.430000007,"Developed Economies",52.83153,0.0055511,79.44413362,"Front-Runner",1
"Uganda","2013",1,104.3,NA,70704514,35694519,241550,NA,"Least Developed",0,-0.0359194,51.05608494,"Performer",0
"United Arab Emirates","2013",3,NA,24.78666667,3434811527,9197908,83600,NA,"Developing Economies",0,0.044074,63.64301356,"Performer",0
"United Kingdom","2013",92,12.16796296,24.03494253,75432883692,64984015,242900,0.170000002,"Developed Economies",566.54583,0.011708,79.47096666,"Front-Runner",1
"United States of America","2013",185,9.207230769,15.0163,3.8e+11,316400539,9372610,0.74000001,"Developed Economies",6764.66911,0.0108333,73.6876451,"Front-Runner",1
"Viet Nam","2013",5,NA,NA,2488914278,90752593,331212,NA,"Developing Economies",278.44186,0.0431754,68.79154027,"Front-Runner",1
"France","2013",NA,NA,NA,36487373830,63893521,551695,NA,"Developed Economies",491.50299,0.0005513,79.08037437,"Front-Runner",1
"Albania","2014",1,NA,NA,257080896,2896307,28748,NA,"Economies in Transition",0,0.0203751,68.65376709,"Front-Runner",1
"Argentina","2014",1,10.11,NA,7354381844,42637508,2780400,NA,"Developing Economies",0,-0.0352203,71.69344685,"Front-Runner",1
"Australia","2014",35,7.485909091,11.10285714,16179364072,23596426,7692024,0.159999996,"Developed Economies",524.7094,0.0071361,74.75919748,"Front-Runner",1
"Austria","2014",117,13.111,19.42185185,5107179905,8615205,83871,NA,"Developed Economies",76.23867,-0.0002838,80.78014057,"Front-Runner",1
"Bangladesh","2014",8,75.16125,37.39571429,1061951464,154517385,147570,NA,"Least Developed",0,0.0485578,57.66943207,"Performer",0
"Belgium","2014",65,12.1753125,21.75466667,11959044670,11221225,30528,0.430000007,"Developed Economies",114.732,0.0097002,78.51929267,"Front-Runner",1
"Bhutan","2014",4,NA,NA,10544140,719053,38394,NA,"Least Developed",2.02162,0.044784,66.85342719,"Front-Runner",1
"Brazil","2014",69,15.95882353,22.00564103,13278785782,202763744,8515767,0.0022,"Developing Economies",1062.89704,-0.0035248,71.73075889,"Front-Runner",1
"Bulgaria","2014",28,21.73571429,18.59928571,3566545543,7245648,110879,NA,"Developed Economies",57.98787,0.0158607,73.10860875,"Front-Runner",1
"Chile","2014",39,26.340625,5.52,2401090633,17758969,756102,0.0068,"Developing Economies",0,0.0069256,74.97850287,"Front-Runner",1
"China","2014",213,52.34248826,42.56037736,1.75e+11,1399453966,9706961,0.349999994,"Developing Economies",12300.2,0.0684463,68.97047948,"Front-Runner",1
"Colombia","2014",18,20.88285714,25.97,2863194777,46967706,1141748,NA,"Developing Economies",0,0.0344842,68.06525308,"Front-Runner",1
"Croatia","2014",9,20.03666667,18.67,971466842,4255518,56594,NA,"Developed Economies",23.47554,0.0014783,77.07475714,"Front-Runner",1
"Cyprus","2014",5,16.202,16.38,249983121,1152297,9251,NA,"Developed Economies",8.29418,-0.0074357,71.02055567,"Front-Runner",1
"Czech Republic","2014",85,19.37290323,16.78043478,11303658675,10591104,78865,NA,"Developed Economies",126.56324,0.0221793,78.40609414,"Front-Runner",1
"Denmark","2014",6,13.26,18.00166667,3883910718,5664199,43094,0.850000024,"Developed Economies",52.33215,0.0115202,84.75383291,"Front-Runner",1
"Ecuador","2014",2,17.32,22.895,972561015,15951832,276841,NA,"Developing Economies",0,0.0219893,69.89654181,"Front-Runner",1
"Egypt","2014",2,NA,NA,4943543743,90424668,1002450,NA,"Developing Economies",0,0.0061685,66.76845966,"Front-Runner",1
"El Salvador","2014",1,41.8,NA,193185116,6295124,21041,NA,"Developing Economies",0,0.0124036,68.67724328,"Front-Runner",1
"Estonia","2014",7,7.508571429,7.215714286,1537201821,1316273,45227,NA,"Developed Economies",21.17638,0.0322932,77.37028193,"Front-Runner",1
"Fiji","2014",1,7.03,NA,41376298,866447,18272,NA,"Not Specified",0,0.0550053,70.11210347,"Front-Runner",1
"Finland","2014",31,7.609285714,14.64714286,2927390479,5461410,338424,0.409999996,"Developed Economies",58.65976,-0.0077409,86.05798711,"Front-Runner",1
"France","2014",6,9.02,10.526,36813259566,64193550,551695,0.720000029,"Developed Economies",461.18853,0.0047894,79.3216119,"Front-Runner",1
"Georgia","2014",2,29,NA,598835761,4035310,69700,NA,"Economies in Transition",0,0.0478811,70.33824076,"Front-Runner",1
"Germany","2014",328,14.03346154,25.51226415,88143585564,81450370,357114,0.419999987,"Developed Economies",901.25514,0.0186319,80.35455826,"Front-Runner",1
"Ghana","2014",1,NA,NA,275315435,27224480,238533,NA,"Developing Economies",0,0.0052581,60.17689783,"Performer",0
"Greece","2014",18,NA,22.42733333,3662703878,10701460,131990,0.055,"Developed Economies",99.25781,0.0084228,73.35240126,"Front-Runner",1
"Guatemala","2014",1,35.17,41.67,335385486,15923238,108889,NA,"Developing Economies",0,0.0229636,59.06079325,"Performer",0
"Honduras","2014",1,NA,NA,197870613,8955579,112492,NA,"Developing Economies",0,0.0125059,62.21796022,"Performer",0
"Hungary","2014",17,15.8525,18.820625,4720888154,9804991,93028,NA,"Developed Economies",58.40772,0.0453126,76.6793057,"Front-Runner",1
"Iceland","2014",3,7.64,2.985,131045110,328592,103000,2.099999905,"Developed Economies",4.68566,0.012518,77.39650285,"Front-Runner",1
"India","2014",228,NA,21.17009009,39664276367,1295600768,3287590,0.037999999,"Developing Economies",0,0.0618668,55.88208193,"Performer",0
"Indonesia","2014",1,33,NA,10847484192,255128076,1904569,NA,"Developing Economies",0,0.0363907,64.16175731,"Performer",0
"Iran, Islamic Rep.","2014",7,32.22,67.84,14750636538,77465769,1648195,NA,"Developing Economies",0,0.0365148,65.23878613,"Front-Runner",1
"Ireland","2014",10,7.57,7.186,1996264400,4626852,70273,NA,"Developed Economies",58.06257,0.0844532,80.3212451,"Front-Runner",1
"Israel","2014",34,19.81368421,NA,2017334780,7854216,20770,NA,"Developing Economies",76.03239,0.025423,71.36929177,"Front-Runner",1
"Italy","2014",336,16.10431373,22.90990323,22674235720,60409622,301336,0.100000001,"Developed Economies",427.93041,-0.0040644,77.15259461,"Front-Runner",1
"Jamaica","2014",2,NA,NA,405385980,2875137,10991,NA,"Developing Economies",0,0.0011456,68.12969643,"Front-Runner",1
"Japan","2014",15,14.85066667,26.89133333,58729767154,128168630,377930,0.670000017,"Developed Economies",1356.58854,0.0041011,78.02486926,"Front-Runner",1
"Kuwait","2014",19,56.4525,NA,2309001921,3690939,17818,NA,"Developing Economies",0,-0.0398081,63.03731932,"Performer",0
"Latvia","2014",5,16.716,16.704,906307211,2021220,64559,NA,"Developed Economies",10.67101,0.0309685,77.72447619,"Front-Runner",1
"Lebanon","2014",4,27,59,574043913,6261046,10452,NA,"Developing Economies",0,-0.0324126,64.62993775,"Performer",0
"Lithuania","2014",16,14.29,13.90666667,1476186031,2971498,65300,NA,"Developed Economies",19.98669,0.0484144,74.0511855,"Front-Runner",1
"Luxembourg","2014",5,11.73666667,20.12333333,698488643,554512,2586,NA,"Developed Economies",10.80726,0.0041041,74.32177286,"Front-Runner",1
"Malaysia","2014",6,NA,NA,4515501575,29866606,330803,NA,"Developing Economies",0,0.0459522,67.95680623,"Front-Runner",1
"Malta","2014",4,12.12,8.615,95083224,430190,316,NA,"Developed Economies",2.90519,0.0662125,73.96985359,"Front-Runner",1
"Mexico","2014",20,23.05272727,24.44,17402595462,120355137,1964375,0.0049,"Developing Economies",0,0.0154405,67.21598277,"Front-Runner",1
"Mongolia","2014",1,64.21,39,479931604,2940111,1564110,NA,"Not Specified",0,0.0574498,63.29274196,"Performer",0
"Montenegro","2014",4,NA,18.58333333,89909208,626650,13812,NA,"Economies in Transition",0,0.0173498,68.23462974,"Front-Runner",1
"Myanmar","2014",2,NA,NA,434124355,52280816,676578,NA,"Least Developed",0,0.0659214,60.99932493,"Performer",0
"Netherlands","2014",59,13.5278125,23.08897959,10797516381,16892517,41850,3.900000095,"Developed Economies",185.61727,0.0112898,78.87465616,"Front-Runner",1
"New Zealand","2014",33,10.025,12.3825,1673578836,4567522,270467,0.140000001,"Developed Economies",80.674,0.0256014,77.34918319,"Front-Runner",1
"North Macedonia","2014",3,NA,4.6,592435915,2077780,0,NA,"Not Specified",0,0.0354439,69.93350129,"Front-Runner",1
"Norway","2014",19,7.22,21.05235294,2368988609,5142269,323802,14,"Developed Economies",53.86314,0.0072404,81.53346681,"Front-Runner",1
"Peru","2014",13,32.92833333,17.45571429,1632009138,30090372,1285216,NA,"Developing Economies",0,0.013057,69.54059699,"Front-Runner",1
"Philippines","2014",11,30.33333333,NA,2597701089,100513137,342353,NA,"Developing Economies",0,0.0461111,62.36989269,"Performer",0
"Poland","2014",173,24.81530303,16.70656863,25932326533,38091095,312679,0.017999999,"Developed Economies",388.92907,0.0356029,77.99612843,"Front-Runner",1
"Portugal","2014",36,7.62,12.986,2317107171,10418224,92090,0.140000001,"Developed Economies",63.43983,0.0132239,76.39631401,"Front-Runner",1
"Republic of Korea","2014",26,NA,40.56461538,NA,50607904,NA,NA,"Developing Economies",690.88485,0.0266778,76.38740859,"Front-Runner",1
"Romania","2014",45,14.50428571,17.030625,8041646585,20035928,238391,NA,"Developed Economies",113.70363,0.0410954,74.92352656,"Front-Runner",1
"Saudi Arabia","2014",2,50,NA,12113191007,30916603,2149690,NA,"Developing Economies",0,0.0075399,62.07216946,"Performer",0
"Senegal","2014",1,25,34.19,179644635,14174740,196722,NA,"Least Developed",0,0.0119469,55.91308613,"Performer",0
"Serbia","2014",9,NA,24.37625,2463415812,8898284,88361,NA,"Economies in Transition",0,-0.0110979,72.28942545,"Front-Runner",1
"Singapore","2014",1,18,24,1878346306,5525628,710,NA,"Developing Economies",0,0.0258576,71.51518227,"Front-Runner",1
"Slovakia","2014",22,19.21333333,18.73571429,3664050524,5428798,49037,NA,"Developed Economies",39.86299,0.0259044,76.67513343,"Front-Runner",1
"Slovenia","2014",14,15.06666667,19.01444444,767397254,2067488,20273,NA,"Developed Economies",16.5815,0.0255054,79.16813011,"Front-Runner",1
"South Africa","2014",10,21.80333333,25.60666667,18392686817,54544184,1221037,0.0034,"Developing Economies",0,0.0024666,60.62243473,"Performer",0
"Spain","2014",303,8.469135802,15.48089965,13316111870,46777927,505992,0.200000003,"Developed Economies",325.60936,0.0171471,77.95953597,"Front-Runner",1
"Sweden","2014",43,8.085,15.65294118,4736830244,9692137,450295,1.399999976,"Developed Economies",53.8333,0.0187278,85.22492431,"Front-Runner",1
"Switzerland","2014",89,8.977777778,23.23872093,2800770823,8206003,41284,0.959999979,"Developed Economies",48.87541,0.0123431,79.99320203,"Front-Runner",1
"Thailand","2014",26,NA,NA,5703649146,68438748,513120,NA,"Developing Economies",0,0.0055044,72.31538504,"Front-Runner",1
"United Arab Emirates","2014",3,NA,28.16666667,3636738631,9214182,83600,NA,"Developing Economies",199.87861,0.0422578,64.60599781,"Performer",0
"United Kingdom","2014",89,11.78078431,23.69963415,75871424691,65423048,242900,0.589999974,"Developed Economies",526.5563,0.0230003,79.80305358,"Front-Runner",1
"United States of America","2014",178,8.784153846,14.70340206,3.86e+11,318673422,9372610,0.889999986,"Developed Economies",6824.95671,0.0155823,73.99166926,"Front-Runner",1
"Uruguay","2014",1,8,NA,332825434,3400439,181034,NA,"Developing Economies",32.5646,0.0433518,74.18715672,"Front-Runner",1
"Viet Nam","2014",6,NA,NA,2657920444,91713850,331212,NA,"Developing Economies",0,0.0487282,70.10874818,"Front-Runner",1
"Albania","2015",5,21.79,18.585,261576624,2890524,28748,NA,"Economies in Transition",0,0.0242358,69.69651471,"Front-Runner",1
"Argentina","2015",1,10.26,NA,7546787804,43075416,2780400,NA,"Developing Economies",0,0.0168679,72.56768434,"Front-Runner",1
"Australia","2015",33,7.1545,8.89,16582643483,23932499,7692024,0.200000003,"Developed Economies",533.06383,0.0132747,75.06845147,"Front-Runner",1
"Austria","2015",116,13.70708333,20.3654717,5173531524,8678667,83871,NA,"Developed Economies",78.46223,0.0027603,80.92165605,"Front-Runner",1
"Bangladesh","2015",8,74.25875,40.13714286,1135228712,156256287,147570,NA,"Least Developed",0,0.0536687,58.01743669,"Performer",0
"Belgium","2015",66,12.62770833,21.01786885,12060100184,11287931,30528,0.769999981,"Developed Economies",118.95998,0.0143842,78.63355713,"Front-Runner",1
"Bhutan","2015",2,NA,NA,11509179,727885,38394,NA,"Least Developed",2.18252,0.0534997,67.75860169,"Front-Runner",1
"Brazil","2015",59,13.25769231,21.56971429,13808138782,204471759,8515767,0.0041,"Developing Economies",1041.67699,-0.0435148,72.45429531,"Front-Runner",1
"Bulgaria","2015",28,23.966,18.27625,3614821162,7199739,110879,NA,"Developed Economies",61.33835,0.0408759,73.33810745,"Front-Runner",1
"Canada","2015",154,6.889133333,11.56018519,30750132962,36026668,9984670,0.449999988,"Developed Economies",723.09602,-0.003532,77.18920763,"Front-Runner",1
"Chile","2015",43,25.60973684,7.003333333,2482915104,17969356,756102,0.017000001,"Developing Economies",0,0.0110594,75.71063641,"Front-Runner",1
"China","2015",545,49.48566972,35.65048544,1.84e+11,1406847868,9706961,0.939999998,"Developing Economies",0,0.0647874,69.46939027,"Front-Runner",1
"Colombia","2015",10,27.3375,26.275,2955160135,47520667,1141748,NA,"Developing Economies",0,0.0175786,68.59562696,"Front-Runner",1
"Costa Rica","2015",1,24,NA,213880081,4847805,51100,NA,"Developing Economies",0,0.0253153,72.91607374,"Front-Runner",1
"Croatia","2015",14,15.60625,19.79428571,989284075,4232874,56594,NA,"Developed Economies",23.91192,0.0307402,77.24642362,"Front-Runner",1
"Cuba","2015",1,34.8,NA,1495578511,11324777,109884,NA,"Developing Economies",0,0.0427328,73.03100673,"Front-Runner",1
"Cyprus","2015",5,15.954,16.96,256953492,1160987,9251,NA,"Developed Economies",8.33677,0.0396913,71.76589984,"Front-Runner",1
"Czech Republic","2015",77,17.94666667,16.31953488,11408523280,10601390,78865,NA,"Developed Economies",127.97221,0.052861,79.07072769,"Front-Runner",1
"Denmark","2015",8,11.25666667,12.54125,3919114412,5688695,43094,2.200000048,"Developed Economies",49.73765,0.0190184,85.32842143,"Front-Runner",1
"Ecuador","2015",2,17.27,22.42,1013320438,16212022,276841,NA,"Developing Economies",0,-0.0150757,70.30894757,"Front-Runner",1
"Egypt","2015",2,NA,NA,5162711129,92442549,1002450,NA,"Developing Economies",0,0.0209377,66.84067913,"Front-Runner",1
"El Salvador","2015",1,27.8,NA,199860431,6325121,21041,NA,"Developing Economies",0,0.0190987,68.47779979,"Front-Runner",1
"Estonia","2015",7,6.362,6.217142857,1553061236,1315330,45227,NA,"Developed Economies",18.13932,0.0192674,78.43754237,"Front-Runner",1
"Fiji","2015",1,8.1,NA,42670595,868632,18272,NA,"Not Specified",0,0.044026,70.36760072,"Front-Runner",1
"Finland","2015",31,5.699285714,13.35095238,2971516812,5481128,338424,0.629999995,"Developed Economies",55.08728,0.0018209,86.40887857,"Front-Runner",1
"France","2015",360,12.74556452,20.16163462,37143169942,64453194,551695,1.200000048,"Developed Economies",464.20567,0.0069549,79.52318775,"Front-Runner",1
"Georgia","2015",1,24.5,NA,608582745,4024180,69700,NA,"Economies in Transition",0,0.0331147,71.00231359,"Front-Runner",1
"Germany","2015",330,12.6825,25.01968652,88939195779,81787411,357114,0.720000029,"Developed Economies",904.26181,0.010737,81.6368049,"Front-Runner",1
"Ghana","2015",1,NA,NA,291429885,27849203,238533,NA,"Developing Economies",0,-0.0017008,61.03701842,"Performer",0
"Greece","2015",18,18.845,24.34058824,3737664964,10659737,131990,0.100000001,"Developed Economies",95.46398,0.0019439,73.82517822,"Front-Runner",1
"Honduras","2015",1,NA,NA,207672643,9112904,112492,NA,"Developing Economies",15.97715,0.0204737,62.15492096,"Performer",0
"Hungary","2015",19,NA,19.72882353,4767502974,9777925,93028,NA,"Developed Economies",61.51667,0.0399034,76.92894891,"Front-Runner",1
"Iceland","2015",4,6.43,11.4525,134581330,330237,103000,3.599999905,"Developed Economies",4.76399,0.0391518,77.71725322,"Front-Runner",1
"Indonesia","2015",2,31.485,NA,11398959532,258383257,1904569,NA,"Developing Economies",0,0.0355506,65.02998212,"Front-Runner",1
"Iran, Islamic Rep.","2015",1,29.83,93.16,15379262782,78492208,1648195,NA,"Developing Economies",0,-0.0271395,66.0707848,"Front-Runner",1
"Iraq","2015",1,NA,NA,3605324968,35572269,438317,NA,"Developing Economies",0,0.0130706,60.05206204,"Performer",0
"Ireland","2015",11,7.026,6.658333333,2034952172,4652420,70273,NA,"Developed Economies",60.43195,0.2448797,79.72748165,"Front-Runner",1
"Israel","2015",33,23.86684211,NA,2080309704,7978496,20770,NA,"Developing Economies",79.16387,0.0068652,72.05026009,"Front-Runner",1
"Italy","2015",390,18.68425414,23.55128065,23035538202,60578489,301336,0.140000001,"Developed Economies",440.4367,0.0049737,77.10346905,"Front-Runner",1
"Jamaica","2015",2,NA,NA,413381366,2891024,10991,NA,"Developing Economies",0,0.0036699,68.34463585,"Front-Runner",1
"Jordan","2015",4,19,NA,574903362,9266573,89342,NA,"Developing Economies",0,-0.0134986,67.80321961,"Front-Runner",1
"Kuwait","2015",11,63.93333333,56.02636364,2400350890,3835588,17818,NA,"Developing Economies",0,-0.0320084,62.9975953,"Performer",0
"Latvia","2015",5,16.195,15.712,913569314,1997675,64559,NA,"Developed Economies",10.72486,0.0510944,78.04337262,"Front-Runner",1
"Lebanon","2015",1,15,47,599778465,6532681,10452,NA,"Developing Economies",0,-0.0360056,64.71613469,"Performer",0
"Lithuania","2015",16,12.48,13.65066667,1489505521,2931872,65300,NA,"Developed Economies",20.28303,0.0340319,74.6306958,"Front-Runner",1
"Luxembourg","2015",5,11.58333333,21.95666667,707836632,566741,2586,NA,"Developed Economies",10.32443,0.0006375,74.47529379,"Front-Runner",1
"Madagascar","2015",1,8,NA,77498603,24234080,587041,NA,"Least Developed",0,0.003908,47.22565992,"Aspirant",0
"Malta","2015",5,13.3125,17.47666667,96824210,433559,316,NA,"Developed Economies",2.22008,0.0875818,73.79389953,"Front-Runner",1
"Mauritius","2015",2,NA,NA,94003584,1259457,2040,NA,"Developing Economies",0,0.0338031,66.06697087,"Front-Runner",1
"Mexico","2015",27,24.638125,23.83692308,17884570053,121858251,1964375,0.0085,"Developing Economies",0,0.0201902,67.36275476,"Front-Runner",1
"Mongolia","2015",1,75,37,503174740,2998433,1564110,NA,"Not Specified",0,0.0038874,63.37190723,"Performer",0
"Montenegro","2015",4,NA,23.27,92147912,626957,13812,NA,"Economies in Transition",0,0.0333907,66.79503917,"Front-Runner",1
"Myanmar","2015",2,NA,6.1,456233019,52680724,676578,NA,"Least Developed",0,0.0560081,61.79458074,"Performer",0
"Netherlands","2015",58,12.5436,21.69365385,10961716270,16938492,41850,9.800000191,"Developed Economies",192.71273,0.0168247,79.56334293,"Front-Runner",1
"New Zealand","2015",34,7.800909091,9.753333333,1709650133,4614527,270467,0.200000003,"Developed Economies",80.72444,0.0337549,77.48036681,"Front-Runner",1
"Norway","2015",22,6.521875,21.5405,2414604609,5199827,323802,22,"Developed Economies",54.12511,0.0083818,81.70091352,"Front-Runner",1
"Peru","2015",13,27.425,16.503,1681075957,30470739,1285216,NA,"Developing Economies",0,0.0196332,69.9092619,"Front-Runner",1
"Philippines","2015",22,29.92857143,NA,2709843495,102113206,342353,NA,"Developing Economies",0,0.0468188,63.81998777,"Performer",0
"Poland","2015",175,23.29514286,16.50333333,26245745616,38034076,312679,0.028999999,"Developed Economies",390.81588,0.0439257,78.68455623,"Front-Runner",1
"Portugal","2015",41,9.849285714,15.91108108,2369397063,10368346,92090,0.560000002,"Developed Economies",67.58667,0.0228162,76.60973704,"Front-Runner",1
"Republic of Korea","2015",17,26.64705882,39.36941176,NA,50823087,NA,NA,"Developing Economies",692.86137,0.0237381,76.84610334,"Front-Runner",1
"Romania","2015",53,16.76833333,16.29884615,8118008100,19925182,238391,NA,"Developed Economies",114.277,0.0352593,75.69373793,"Front-Runner",1
"Saudi Arabia","2015",1,69,NA,12788069175,31717676,2149690,NA,"Developing Economies",0,0.0147705,61.96498403,"Performer",0
"Senegal","2015",1,33,19.6,189490051,14578450,196722,NA,"Least Developed",0,0.0342122,55.63487101,"Performer",0
"Serbia","2015",10,NA,19.03375,2507161908,8876777,88361,NA,"Economies in Transition",0,0.0232839,73.15976628,"Front-Runner",1
"Singapore","2015",1,24,22,1940476754,5592143,710,NA,"Developing Economies",0,0.0176334,71.09176397,"Front-Runner",1
"Slovakia","2015",12,18.6575,26.59333333,3698461156,5435614,49037,NA,"Developed Economies",40.71246,0.0508387,76.90581865,"Front-Runner",1
"Slovenia","2015",14,17.64333333,20.75222222,781020037,2071199,20273,NA,"Developed Economies",16.76095,0.0202695,78.97490784,"Front-Runner",1
"South Africa","2015",10,19.3625,23.5,18843258345,55386369,1221037,0.057999998,"Developing Economies",0,-0.0034498,61.93002465,"Performer",0
"Spain","2015",303,9.496781609,16.83292683,13587806073,46671919,505992,0.209999993,"Developed Economies",336.99488,0.04071,77.78387768,"Front-Runner",1
"Sweden","2015",48,6.385333333,14.02742857,4780432845,9764949,450295,2.400000095,"Developed Economies",53.99852,0.0371009,85.29271748,"Front-Runner",1
"Switzerland","2015",108,11.44733333,23.96019231,2839501827,8296775,41284,1.700000048,"Developed Economies",48.41562,0.0054556,80.44552638,"Front-Runner",1
"Thailand","2015",2,27.87,19.47,5989336794,68714519,513120,NA,"Developing Economies",0,0.0272014,72.86713282,"Front-Runner",1
"Turkey","2015",93,NA,30.96482759,8801642900,78529413,783562,NA,"Developed Economies",NA,NA,68.99688602,"Front-Runner",1
"United Arab Emirates","2015",3,NA,26.13,3853321735,9262896,83600,NA,"Developing Economies",0,0.0450769,65.45540619,"Front-Runner",1
"United Kingdom","2015",98,9.732068966,22.85373626,76293764798,65860149,242900,1.100000024,"Developed Economies",509.05072,0.0194151,80.37995847,"Front-Runner",1
"United States of America","2015",164,8.940769231,14.43456522,3.91e+11,320878312,9372610,0.779999971,"Developed Economies",6671.11207,0.0200063,73.96489027,"Front-Runner",1
"Viet Nam","2015",6,81.76,NA,2850924130,92677082,331212,NA,"Developing Economies",0,0.0557055,70.63174573,"Front-Runner",1
"Albania","2016",4,21.48,21.18666667,266068688,2886427,28748,NA,"Economies in Transition",0,0.0346085,70.20334734,"Front-Runner",1
"Argentina","2016",1,NA,15.35,7737764998,43508459,2780400,NA,"Developing Economies",0,-0.0305493,71.92507824,"Front-Runner",1
"Australia","2016",32,6.845238095,10.22153846,16998588655,24262710,7692024,0.150000006,"Developed Economies",542.28787,0.0090832,75.35043081,"Front-Runner",1
"Austria","2016",118,12.14371429,19.05275229,5240746981,8747306,83871,NA,"Developed Economies",79.47101,0.0118912,80.90859057,"Front-Runner",1
"Bahrain","2016",1,60.75,NA,791703313,1425793,765,NA,"Developing Economies",0,-0.0035969,64.51672471,"Performer",0
"Bangladesh","2016",6,67.465,NA,1211705809,157977151,147570,NA,"Least Developed",0,0.0594668,59.37180924,"Performer",0
"Belgium","2016",65,12.4475,21.65576271,12159972322,11354407,30528,1.700000048,"Developed Economies",117.68918,0.0067377,78.97469584,"Front-Runner",1
"Bosnia and Herzegovina","2016",10,43.20333333,18.38571429,864625357,3386263,51209,NA,"Economies in Transition",0,0.0446253,70.14211881,"Front-Runner",1
"Brazil","2016",35,15.6,22.97708333,14300886782,206163056,8515767,0.01,"Developing Economies",1014.70238,-0.040694,71.42082479,"Front-Runner",1
"Bulgaria","2016",27,19.228,20.17,3660323560,7151948,110879,NA,"Developed Economies",58.80091,0.0372823,72.39087206,"Front-Runner",1
"Canada","2016",171,5.857341772,10.90389313,31309699924,36382942,9984670,0.730000019,"Developed Economies",706.93391,0.0001237,77.39139608,"Front-Runner",1
"Chile","2016",42,25.91081081,10.122,2567307132,18209072,756102,0.013,"Developing Economies",108.80002,0.003721,75.89734699,"Front-Runner",1
"China","2016",550,45.62125455,34.18408,1.94e+11,1414049353,9706961,1.399999976,"Developing Economies",0,0.0630461,69.92953683,"Front-Runner",1
"Colombia","2016",2,16.655,13.1,3048402114,48175048,1141748,NA,"Developing Economies",0,0.0070068,68.47154223,"Front-Runner",1
"Croatia","2016",16,17.27444444,18.61777778,1007367132,4208611,56594,NA,"Developed Economies",23.99992,0.0412953,77.91472537,"Front-Runner",1
"Cyprus","2016",6,11.50666667,16.22333333,264326510,1170189,9251,NA,"Developed Economies",8.78393,0.0596677,72.16632073,"Front-Runner",1
"Czech Republic","2016",97,18.46431373,15.00020408,11515208721,10618868,78865,NA,"Developed Economies",129.58495,0.0236869,79.09578749,"Front-Runner",1
"Denmark","2016",9,10.29,12.78333333,3956125798,5711346,43094,0.800000012,"Developed Economies",51.76436,0.0283643,85.38170588,"Front-Runner",1
"Ecuador","2016",2,14.07,20.74,1052824471,16491116,276841,NA,"Developing Economies",0,-0.0289803,71.40650997,"Front-Runner",1
"El Salvador","2016",1,27.1,NA,206506226,6356137,21041,NA,"Developing Economies",0,0.0204169,68.53000014,"Front-Runner",1
"Estonia","2016",7,5.204285714,6.435714286,1570628554,1316507,45227,NA,"Developed Economies",19.80893,0.0306271,78.24553291,"Front-Runner",1
"Ethiopia","2016",1,28.3,NA,196148575,103603461,1104300,NA,"Least Developed",0,0.0468801,53.75435427,"Performer",0
"Finland","2016",29,5.727142857,13.053,3018746026,5497714,338424,1.200000048,"Developed Economies",58.007,0.0250119,85.60231912,"Front-Runner",1
"France","2016",354,11.57356522,19.08641447,37476748688,64667590,551695,1.5,"Developed Economies",467.06,0.0074473,79.60754601,"Front-Runner",1
"Germany","2016",330,12.19852941,24.89936909,89739882411,82193770,357114,0.730000019,"Developed Economies",907.96791,0.0172459,81.94055707,"Front-Runner",1
"Ghana","2016",1,55,NA,307976954,28481947,238533,NA,"Developing Economies",0,0.0107697,60.59159321,"Performer",0
"Greece","2016",19,17.05142857,26.63375,3809037708,10615183,131990,0.119999997,"Developed Economies",91.82184,-0.000694,74.17849979,"Front-Runner",1
"Honduras","2016",1,NA,NA,216965619,9270794,112492,NA,"Developing Economies",0,0.0212381,62.63674125,"Performer",0
"Hungary","2016",19,10.13,18.81823529,4814574980,9752970,93028,NA,"Developed Economies",62.25859,0.0245337,77.64576529,"Front-Runner",1
"Iceland","2016",4,6.695,8.215,138068753,332209,103000,5.599999905,"Developed Economies",4.71662,0.0567554,77.77005243,"Front-Runner",1
"India","2016",253,39.38616438,22.59691358,44315067065,1324517250,3287590,0.026000001,"Developing Economies",0,0.0708223,57.23376604,"Performer",0
"Indonesia","2016",3,42.65,NA,11959805514,261556386,1904569,NA,"Developing Economies",0,0.0375884,65.19303119,"Front-Runner",1
"Iran, Islamic Rep.","2016",58,31.88210526,92.075,16016624310,79563991,1648195,NA,"Developing Economies",0,0.0734928,66.68428676,"Front-Runner",1
"Iraq","2016",1,NA,NA,3799686333,36610632,438317,NA,"Developing Economies",0,0.1056017,60.48657101,"Performer",0
"Ireland","2016",14,8.866666667,14.57777778,2075107971,4695790,70273,NA,"Developed Economies",62.47514,0.0110012,79.45243389,"Front-Runner",1
"Italy","2016",406,16.37331551,21.95966667,23393598945,60663068,301336,0.150000006,"Developed Economies",437.69609,0.0115226,77.24630413,"Front-Runner",1
"Jordan","2016",3,NA,NA,599248984,9554286,89342,NA,"Developing Economies",0,-0.010772,68.31768606,"Front-Runner",1
"Kuwait","2016",13,35.09166667,55.67428571,2501209578,3956862,17818,NA,"Developing Economies",86.33698,-0.0022771,63.48219313,"Performer",0
"Latvia","2016",5,13.798,13.074,920779639,1974265,64559,NA,"Developed Economies",10.71653,0.0358134,78.33613585,"Front-Runner",1
"Lebanon","2016",1,19,NA,626279218,6714281,10452,NA,"Developing Economies",0,-0.0116546,64.92325138,"Performer",0
"Lithuania","2016",16,11.04166667,14.314,1502856623,2889555,65300,NA,"Developed Economies",20.31183,0.0402041,74.52633179,"Front-Runner",1
"Luxembourg","2016",6,11.10333333,18.96,716929373,579266,2586,NA,"Developed Economies",10.0829,0.0270869,74.85123168,"Front-Runner",1
"Malta","2016",5,11.8725,17.8025,98229605,436099,316,NA,"Developed Economies",1.90248,0.0319208,74.58689197,"Front-Runner",1
"Mauritius","2016",2,NA,NA,98349088,1261870,2040,NA,"Developing Economies",0,0.0363972,66.69221457,"Front-Runner",1
"Mexico","2016",26,22.24714286,23.5925,18367368105,123333379,1964375,0.056000002,"Developing Economies",0,0.0140303,68.29433915,"Front-Runner",1
"Mongolia","2016",1,79.02,NA,528501464,3056358,1564110,NA,"Not Specified",0,-0.0074913,64.01383454,"Performer",0
"Montenegro","2016",4,NA,21.06,94163112,627271,13812,NA,"Economies in Transition",0,0.0289874,66.71581382,"Front-Runner",1
"Morocco","2016",6,NA,NA,1480918734,35126274,446550,NA,"Developing Economies",0,0.0185184,66.33558632,"Front-Runner",1
"Myanmar","2016",2,NA,7.53,481670202,53045199,676578,NA,"Least Developed",0,0.0502345,62.47766373,"Performer",0
"Nepal","2016",1,42,NA,106622346,27263430,147181,NA,"Least Developed",0,-0.0048195,63.57537501,"Performer",0
"Netherlands","2016",55,10.8416129,22.398,11126641517,16981285,41850,6,"Developed Economies",193.10102,0.0193417,79.44251884,"Front-Runner",1
"New Zealand","2016",36,8.943571429,9.47,1743954816,4659265,270467,0.569999993,"Developed Economies",78.67836,0.027937,76.93412479,"Front-Runner",1
"North Macedonia","2016",8,40.18,22.39,606447051,2080746,0,NA,"Not Specified",0,0.0277842,70.04677958,"Front-Runner",1
"Norway","2016",27,6.5295,21.10818182,2459404609,5250950,323802,29,"Developed Economies",53.09507,0.0008772,81.61289272,"Front-Runner",1
"Peru","2016",13,27.5,29.69285714,1733795463,30926036,1285216,NA,"Developing Economies",0,0.024229,70.50962451,"Front-Runner",1
"Philippines","2016",18,26.83333333,NA,2832080804,103663812,342353,NA,"Developing Economies",0,0.0554671,64.13849036,"Performer",0
"Poland","2016",176,22.39802817,16.36706422,26570087306,37989218,312679,0.052000001,"Developed Economies",400.42128,0.0326352,79.37803179,"Front-Runner",1
"Portugal","2016",44,7.197692308,14.71571429,2419855328,10325540,92090,0.800000012,"Developed Economies",65.74158,0.0244249,76.92619643,"Front-Runner",1
"Qatar","2016",3,38,NA,1666196264,2654379,11586,NA,"Developing Economies",0,-0.0037846,64.79106589,"Performer",0
"Republic of Korea","2016",17,25.05882353,37.82117647,NA,50983446,NA,NA,"Developing Economies",693.94265,0.0262307,77.00617533,"Front-Runner",1
"Romania","2016",48,16.2325,18.61666667,8192160350,19796280,238391,NA,"Developed Economies",111.68089,0.0538471,76.64199708,"Front-Runner",1
"Russian Federation","2016",1,14,NA,1.09e+11,145275374,17098242,NA,"Economies in Transition",2037.20958,-6.55e-05,71.62813796,"Front-Runner",1
"Saudi Arabia","2016",1,86,NA,13427125661,32443443,2149690,NA,"Developing Economies",0,-0.0060377,62.50595581,"Performer",0
"Senegal","2016",1,29.42,20.33,199505749,14993514,196722,NA,"Least Developed",0,0.0342526,56.64165868,"Performer",0
"Serbia","2016",7,22.67,20.242,2552196365,8853963,88361,NA,"Economies in Transition",0,0.0388119,73.0547195,"Front-Runner",1
"Singapore","2016",1,15,26,1980751442,5653625,710,NA,"Developing Economies",0,0.0220535,71.58215883,"Front-Runner",1
"Slovakia","2016",22,14.9125,19.11647059,3733317101,5442001,49037,NA,"Developed Economies",41.11212,0.0181196,76.95016228,"Front-Runner",1
"Slovenia","2016",14,17.38333333,19.35444444,795445289,2074205,20273,NA,"Developed Economies",17.61646,0.0304206,79.35241169,"Front-Runner",1
"South Africa","2016",12,22.85375,29.66111111,19308027414,56207649,1221037,0.100000001,"Developing Economies",0,-0.0106788,61.7297264,"Performer",0
"Spain","2016",305,8.358409091,15.60647059,13848564029,46634131,505992,0.310000002,"Developed Economies",325.4657,0.0311478,78.42130233,"Front-Runner",1
"Sweden","2016",58,5.863684211,14.76288889,4823694854,9836003,450295,3.400000095,"Developed Economies",53.57152,0.0133322,85.14836892,"Front-Runner",1
"Switzerland","2016",105,10.22375,22.4299,2878694371,8379915,41284,1.899999976,"Developed Economies",48.70906,0.0103274,80.24771756,"Front-Runner",1
"Thailand","2016",25,NA,18.895,6272771329,68971313,513120,NA,"Developing Economies",0,0.0305004,72.97577215,"Front-Runner",1
"Trinidad and Tobago","2016",1,11.9,13.3,1413249649,1377563,5130,NA,"Developing Economies",0,-0.0680937,65.20810148,"Front-Runner",1
"Turkey","2016",99,23.010625,32.3675,9202882638,79827868,783562,NA,"Developed Economies",NA,NA,68.55486991,"Front-Runner",1
"United Kingdom","2016",97,9.798867925,25.04168539,76693102192,66297944,242900,1.399999976,"Developed Economies",484.14619,0.0158817,80.69373425,"Front-Runner",1
"United States of America","2016",171,7.528125,13.33149425,3.96e+11,323015992,9372610,1,"Developed Economies",6520.33784,0.0099465,74.2081437,"Front-Runner",1
"Viet Nam","2016",3,46.92,NA,3043689697,93640435,331212,NA,"Developing Economies",0,0.0511815,70.55035721,"Front-Runner",1
"Albania","2017",1,NA,24.7,271370496,2884169,28748,NA,"Economies in Transition",0,0.0388386,70.75096527,"Front-Runner",1
"Argentina","2017",1,NA,19.57,7925569727,43937143,2780400,NA,"Developing Economies",0,0.0181534,72.63101174,"Front-Runner",1
"Australia","2017",5,7.28,7.9,17413339852,24584619,7692024,0.25999999,"Developed Economies",549.33002,0.0160128,75.54519174,"Front-Runner",1
"Austria","2017",119,12.57513514,19.14101852,5310345835,8819902,83871,NA,"Developed Economies",81.8625,0.0141684,81.67689576,"Front-Runner",1
"Bahrain","2017",1,62.64,NA,824294533,1494077,765,NA,"Developing Economies",0,-0.0047487,64.23430847,"Performer",0
"Bangladesh","2017",9,50.25111111,32.16,1292649322,159685421,147570,NA,"Least Developed",0,0.0613649,60.19552311,"Performer",0
"Belgium","2017",64,12.10891304,21.63293103,12259420457,11419752,30528,2.700000048,"Developed Economies",117.4243,0.0103825,78.87703548,"Front-Runner",1
"Bosnia and Herzegovina","2017",12,48.9875,23.255,886444443,3351534,51209,NA,"Economies in Transition",0,0.0424088,70.14752283,"Front-Runner",1
"Bulgaria","2017",29,19.56571429,18.36588235,3707905854,7102452,110879,NA,"Developed Economies",61.14847,0.0347857,73.01264342,"Front-Runner",1
"Canada","2017",175,6.783190184,11.21962687,31879060360,36732091,9984670,1,"Developed Economies",716.09201,0.0206045,77.48287248,"Front-Runner",1
"China","2017",370,44.61554054,NA,2.04e+11,1421021794,9706961,2.299999952,"Developing Economies",0,0.0642245,70.55593704,"Front-Runner",1
"Colombia","2017",1,15.21,NA,3134697902,48909844,1141748,NA,"Developing Economies",0,-0.0016339,69.76586148,"Front-Runner",1
"Costa Rica","2017",1,NA,NA,230114628,4949955,51100,NA,"Developing Economies",0,0.0309278,73.06680931,"Front-Runner",1
"Croatia","2017",17,15.549,19.72777778,1026085195,4182847,56594,NA,"Developed Economies",24.73756,0.0405061,77.42919916,"Front-Runner",1
"Cyprus","2017",5,13.724,15.03333333,271849614,1179685,9251,NA,"Developed Economies",8.96969,0.054559,73.45328322,"Front-Runner",1
"Czech Republic","2017",95,18.74769231,15.0144898,11622821512,10641032,78865,NA,"Developed Economies",130.46008,0.0494954,79.48117706,"Front-Runner",1
"Denmark","2017",9,9.406,11.95444444,3990868885,5732277,43094,0.589999974,"Developed Economies",49.64888,0.024464,85.03670112,"Front-Runner",1
"Ecuador","2017",2,14.015,19.395,1092100464,16785356,276841,NA,"Developing Economies",0,0.0057388,71.89280063,"Front-Runner",1
"Estonia","2017",7,4.55,5.514285714,1589417044,1319389,45227,NA,"Developed Economies",21.06644,0.0556112,79.46649727,"Front-Runner",1
"Ethiopia","2017",1,27.24,NA,211386460,106399926,1104300,NA,"Least Developed",0,0.0668456,54.88250656,"Performer",0
"Finland","2017",29,4.512857143,12.305,3063398082,5511372,338424,2.5,"Developed Economies",55.23018,0.0293668,86.33617094,"Front-Runner",1
"France","2017",355,10.9672,18.81298305,37813744277,64842513,551695,1.799999952,"Developed Economies",470.56432,0.0199495,80.48246043,"Front-Runner",1
"Georgia","2017",1,20,NA,628828522,4008723,69700,NA,"Economies in Transition",0,0.0501961,71.7230993,"Front-Runner",1
"Germany","2017",334,12.07834483,23.59866873,90525765329,82658409,357114,1.600000024,"Developed Economies",892.07567,0.0210304,81.85886814,"Front-Runner",1
"Greece","2017",15,16.45875,28.84384615,3883892789,10569449,131990,0.219999999,"Developed Economies",95.60099,0.0152958,74.96754188,"Front-Runner",1
"Hungary","2017",19,14.85,20.31,4864027238,9729822,93028,NA,"Developed Economies",64.71642,0.0451666,78.02369583,"Front-Runner",1
"Iceland","2017",9,5.2,7.814444444,141673639,334395,103000,12,"Developed Economies",4.79542,0.0351349,78.62878964,"Front-Runner",1
"India","2017",302,39.31032258,22.6059375,46748922819,1338676779,3287590,0.030999999,"Developing Economies",0,0.0566578,59.06709634,"Performer",0
"Indonesia","2017",2,30.06,NA,12534981306,264650969,1904569,NA,"Developing Economies",0,0.038412,66.93922285,"Front-Runner",1
"Iran, Islamic Rep.","2017",5,36.9625,86.18,16728880389,80673888,1648195,NA,"Developing Economies",0,0.0134478,68.04543985,"Front-Runner",1
"Iraq","2017",2,NA,61.845,4011389410,37552789,438317,NA,"Developing Economies",0,-0.0428294,61.18824034,"Performer",0
"Ireland","2017",13,7.332857143,14.04875,2114241392,4753281,70273,NA,"Developed Economies",62.11486,0.0762217,80.34677591,"Front-Runner",1
"Italy","2017",426,17.18658768,21.84913366,23746448857,60673694,301336,0.25,"Developed Economies",432.71374,0.0165003,77.3400166,"Front-Runner",1
"Jordan","2017",4,NA,23.12,624810262,9785840,89342,NA,"Developing Economies",0,-0.0032803,68.5549549,"Front-Runner",1
"Kuwait","2017",7,65.986,36.47,2596354200,4056102,17818,NA,"Developing Economies",0,-0.0704335,63.69726204,"Performer",0
"Latvia","2017",5,12.712,12.11,927994584,1951097,64559,NA,"Developed Economies",10.75714,0.0453992,79.06354993,"Front-Runner",1
"Lithuania","2017",11,11.74,14.001,1516428455,2845419,65300,NA,"Developed Economies",20.51888,0.0590041,75.26531758,"Front-Runner",1
"Luxembourg","2017",6,9.84,18.006,726190717,591914,2586,NA,"Developed Economies",10.26698,-0.0084743,74.70549484,"Front-Runner",1
"Madagascar","2017",1,128,NA,84873934,25570511,587041,NA,"Least Developed",0,0.0118508,48.28701134,"Aspirant",0
"Malta","2017",4,11.64,18.32333333,99789032,437935,316,NA,"Developed Economies",2.06088,0.1049067,74.7338229,"Front-Runner",1
"Mexico","2017",26,22,NA,18827217256,124777326,1964375,0.090000004,"Developing Economies",0,0.0093146,68.94480938,"Front-Runner",1
"Mongolia","2017",1,86,NA,562766290,3113788,1564110,NA,"Not Specified",0,0.0339458,63.69852221,"Performer",0
"Montenegro","2017",4,NA,17.8,96266248,627563,13812,NA,"Economies in Transition",0,0.0466657,67.61668147,"Front-Runner",1
"Myanmar","2017",2,NA,NA,506437934,53382521,676578,NA,"Least Developed",0,0.0573261,64.45284804,"Performer",0
"Nepal","2017",4,39.28,NA,118269876,27632682,147181,NA,"Least Developed",0,0.0752105,64.03816596,"Performer",0
"Netherlands","2017",56,11.09205882,21.72352941,11289251581,17021343,41850,2.5,"Developed Economies",190.56747,0.0266875,79.64282626,"Front-Runner",1
"New Zealand","2017",14,11.38222222,22.51,1779809639,4702029,270467,1.200000048,"Developed Economies",80.282,0.0345393,77.49266807,"Front-Runner",1
"North Macedonia","2017",9,43.48,22.20333333,613950923,2081996,0,NA,"Not Specified",0,0.0102074,70.67996166,"Front-Runner",1
"Norway","2017",30,6.038333333,19.13518519,2503776609,5296324,323802,39,"Developed Economies",52.08948,0.0144659,82.20243859,"Front-Runner",1
"Peru","2017",6,23.398,26.875,1787517517,31444299,1285216,NA,"Developing Economies",0,0.0082912,71.04185448,"Front-Runner",1
"Philippines","2017",15,39.2,NA,2966982614,105172921,342353,NA,"Developing Economies",0,0.0539665,64.92314318,"Performer",0
"Poland","2017",187,22.8744,16.22396396,26907770150,37953176,312679,0.119999997,"Developed Economies",414.81941,0.049302,80.62763564,"Front-Runner",1
"Portugal","2017",42,9.309166667,18.27517241,2475086044,10288527,92090,1.899999976,"Developed Economies",70.79072,0.0387869,78.17418817,"Front-Runner",1
"Qatar","2017",1,44,29,1765953505,2724727,11586,NA,"Developing Economies",0,-0.0404099,65.48915273,"Front-Runner",1
"Republic of Korea","2017",17,24.23529412,35.94117647,NA,51096408,NA,NA,"Developing Economies",0,0.0293158,76.8047733,"Front-Runner",1
"Romania","2017",81,19.14333333,18.98445946,8269363463,19653966,238391,NA,"Developed Economies",115.18857,0.0809655,76.58425644,"Front-Runner",1
"Russian Federation","2017",1,NA,NA,1.1e+11,145530091,17098242,NA,"Economies in Transition",2071.54337,0.0164761,72.78942488,"Front-Runner",1
"Saudi Arabia","2017",1,75,NA,14066503627,33101183,2149690,NA,"Developing Economies",0,-0.0271383,64.22864306,"Performer",0
"Senegal","2017",1,19.86,22.1,210251552,15419354,196722,NA,"Least Developed",0,0.0442785,57.46644867,"Performer",0
"Serbia","2017",5,NA,30.105,2597722312,8829623,88361,NA,"Economies in Transition",0,0.0236293,73.71724604,"Front-Runner",1
"Singapore","2017",1,14,25,2019817010,5708042,710,NA,"Developing Economies",0,0.0352413,71.76632456,"Front-Runner",1
"Slovakia","2017",30,19.03888889,19.979,3769347707,5447903,49037,NA,"Developed Economies",42.2267,0.0286872,77.72628112,"Front-Runner",1
"Slovenia","2017",14,16.53,22.38444444,810037171,2076395,20273,NA,"Developed Economies",17.6966,0.0470513,79.73765217,"Front-Runner",1
"South Africa","2017",8,15.886,20.18333333,19772226154,57009751,1221037,0.052999999,"Developing Economies",0,-0.0001236,62.61597304,"Performer",0
"Spain","2017",303,9.550217391,16.50164948,14123205992,46647425,505992,0.600000024,"Developed Economies",338.73817,0.0294431,78.15125029,"Front-Runner",1
"Sri Lanka","2017",1,31.39,NA,435351164,21128028,65610,NA,"Developing Economies",0,0.0305429,68.58338305,"Front-Runner",1
"Sweden","2017",59,5.022,14.23958333,4866288582,9904895,450295,5.099999905,"Developed Economies",53.01059,0.0185456,85.23684358,"Front-Runner",1
"Switzerland","2017",109,11.48185185,22.49190476,2916876884,8455797,41284,2.700000048,"Developed Economies",47.86893,0.0067314,80.44389356,"Front-Runner",1
"Thailand","2017",23,NA,NA,6558730892,69209817,513120,NA,"Developing Economies",0,0.0381868,73.05221888,"Front-Runner",1
"Trinidad and Tobago","2017",2,14.7,8,1453197868,1384060,5130,NA,"Developing Economies",0,-0.0313818,65.18962592,"Front-Runner",1
"Turkey","2017",100,25.145,30.5114,9628211868,81116451,783562,NA,"Developed Economies",NA,NA,69.15742332,"Front-Runner",1
"Uganda","2017",1,53.71,NA,89483596,41166588,241550,NA,"Least Developed",0,0.0312231,53.78858956,"Performer",0
"United Arab Emirates","2017",5,32.79,44.042,4236819821,9487206,83600,NA,"Developing Economies",0,0.0101152,66.8461176,"Front-Runner",1
"United Kingdom","2017",99,9.063207547,22.74113402,77080667373,66727463,242900,1.799999952,"Developed Economies",473.38998,0.0147703,80.97620993,"Front-Runner",1
"United States of America","2017",193,8.801333333,13.00941176,4.01e+11,325084758,9372610,1.200000048,"Developed Economies",6483.29133,0.0160495,74.22315609,"Front-Runner",1
"Viet Nam","2017",2,40.955,NA,3238939007,94600643,331212,NA,"Developing Economies",0,0.0572805,70.92477318,"Front-Runner",1
"Argentina","2018",1,NA,16.6,8106669354,44361150,2780400,NA,"Developing Economies",0,-0.0349665,72.70758889,"Front-Runner",1
"Australia","2018",5,8.06,6.936666667,17829341009,24898153,7692024,0.419999987,"Developed Economies",549.73194,0.0087449,75.35847976,"Front-Runner",1
"Austria","2018",115,13.56305556,17.60925234,5376911243,8891383,83871,NA,"Developed Economies",78.62764,0.0167748,81.73748294,"Front-Runner",1
"Bahrain","2018",3,NA,NA,856904073,1569440,765,NA,"Developing Economies",0,-0.0316464,64.47528662,"Performer",0
"Bangladesh","2018",8,72.29375,32.10714286,1375249258,161376713,147570,NA,"Least Developed",0,0.0673327,61.71210798,"Performer",0
"Belgium","2018",60,12.55177778,20.02,12359647626,11482180,30528,2.5,"Developed Economies",117.89474,0.012656,79.0914292,"Front-Runner",1
"Bosnia and Herzegovina","2018",9,49.825,21.77875,908519479,3323929,51209,NA,"Economies in Transition",0,0.0460147,71.4764719,"Front-Runner",1
"Brazil","2018",39,15.22333333,17.48225806,15285329785,209469320,8515767,0.015,"Developing Economies",0,0.0098896,72.38739552,"Front-Runner",1
"Bulgaria","2018",27,19.58428571,18.14933333,3751543383,7051610,110879,NA,"Developed Economies",57.28177,0.0342479,73.33833149,"Front-Runner",1
"Canada","2018",180,7.503928571,11.51265734,32458530732,37074558,9984670,2.700000048,"Developed Economies",728.47589,0.0148338,77.59656401,"Front-Runner",1
"Chile","2018",1,15,NA,2735762427,18729166,756102,0.056000002,"Developing Economies",0,0.0228118,77.23673845,"Front-Runner",1
"China","2018",1299,40.40886066,NA,2.14e+11,1427647789,9706961,4.5,"Developing Economies",0,0.0625432,71.48250063,"Front-Runner",1
"Colombia","2018",16,17.228,NA,3219578427,49661056,1141748,NA,"Developing Economies",0,0.0101286,70.25281015,"Front-Runner",1
"Costa Rica","2018",5,22.5,40.71,238336778,4999443,51100,NA,"Developing Economies",0,0.01046,73.76791478,"Front-Runner",1
"Croatia","2018",21,15.6775,15.22,1043783410,4156407,56594,NA,"Developed Economies",23.53628,0.0355488,78.07918375,"Front-Runner",1
"Cyprus","2018",5,12.942,14.35333333,279189960,1189262,9251,NA,"Developed Economies",8.81143,0.048409,73.8421591,"Front-Runner",1
"Czech Republic","2018",95,20.40686275,14.9104,11728953112,10665679,78865,NA,"Developed Economies",128.55462,0.0296022,79.85297524,"Front-Runner",1
"Denmark","2018",9,12.222,12.06666667,4025541236,5752131,43094,2.099999905,"Developed Economies",49.6213,0.0163755,85.13235721,"Front-Runner",1
"Ecuador","2018",1,19.84,24.09,1130019905,17084359,276841,NA,"Developing Economies",0,-0.0048339,72.18297456,"Front-Runner",1
"El Salvador","2018",1,29,NA,218893254,6420740,21041,NA,"Developing Economies",0,0.0189217,69.6215327,"Front-Runner",1
"Estonia","2018",7,6.095714286,6.505714286,1607361564,1322913,45227,NA,"Developed Economies",20.20636,0.0385596,79.94631961,"Front-Runner",1
"Ethiopia","2018",1,28.79,NA,227535681,109224410,1104300,NA,"Least Developed",0,0.0405395,55.10047855,"Performer",0
"Finland","2018",30,6.016923077,11.714,3109247064,5522585,338424,4.5,"Developed Economies",56.28182,0.0093674,85.89032633,"Front-Runner",1
"France","2018",354,10.37361538,17.4480602,38136116165,64990512,551695,2.200000048,"Developed Economies",452.03446,0.0160944,80.74642059,"Front-Runner",1
"Germany","2018",339,12.57953333,23.73929878,91279876936,83124413,357114,1.899999976,"Developed Economies",855.89041,0.0051932,81.86962045,"Front-Runner",1
"Greece","2018",18,16.6,29.2,3955700336,10522244,131990,0.300000012,"Developed Economies",92.30835,0.0212452,76.13682899,"Front-Runner",1
"Hungary","2018",19,18.57833333,18.80222222,4913435191,9707502,93028,NA,"Developed Economies",64.7354,0.0560179,78.26880878,"Front-Runner",1
"Iceland","2018",7,4.333333333,7.721428571,145337016,336712,103000,17,"Developed Economies",4.82219,0.0416946,78.71468324,"Front-Runner",1
"India","2018",354,42.80317073,22.5885489,49348728536,1352642283,3287590,0.029999999,"Developing Economies",0,0.0543308,59.7065387,"Performer",0
"Indonesia","2018",2,41.25,NA,13149865583,267670549,1904569,NA,"Developing Economies",0,0.0398782,68.11708644,"Front-Runner",1
"Iran, Islamic Rep.","2018",18,29.95529412,86.18,17436037778,81800204,1648195,NA,"Developing Economies",0,-0.0359973,68.29961905,"Front-Runner",1
"Iraq","2018",3,NA,40.5,4222715095,38433604,438317,NA,"Developing Economies",0,0.0028173,62.29431176,"Performer",0
"Ireland","2018",15,7.87125,13.67888889,2153436547,4818694,70273,NA,"Developed Economies",62.52601,0.0755014,80.29467157,"Front-Runner",1
"Italy","2018",438,15.28847926,19.44833729,24095469303,60627291,301336,0.50999999,"Developed Economies",428.54935,0.0100307,78.07214216,"Front-Runner",1
"Japan","2018",15,11.47133333,19.64666667,63488462197,127202190,377930,0.939999998,"Developed Economies",1245.02089,0.0079644,79.15482101,"Front-Runner",1
"Jordan","2018",4,NA,20.825,650069892,9965322,89342,NA,"Developing Economies",0,0.0009744,69.18471954,"Front-Runner",1
"Kazakhstan","2018",1,32.25,NA,13321035987,18319616,2724900,NA,"Economies in Transition",396.57047,0.0273849,71.20999894,"Front-Runner",1
"Kenya","2018",1,5.91,NA,432534376,51392570,580367,NA,"Developing Economies",0,0.0322143,60.42713992,"Performer",0
"Kuwait","2018",1,56.5,NA,2691929460,4137314,17818,NA,"Developing Economies",0,0.0042329,64.55130062,"Performer",0
"Latvia","2018",5,14.168,13.938,935853946,1928461,64559,NA,"Developed Economies",11.26072,0.052102,79.60146225,"Front-Runner",1
"Lithuania","2018",10,13.672,16.50555556,1530124683,2801270,65300,NA,"Developed Economies",20.1501,0.0563232,74.58818417,"Front-Runner",1
"Luxembourg","2018",8,9.483333333,25.47857143,735759157,604244,2586,NA,"Developed Economies",10.56523,-0.0007793,74.51562153,"Front-Runner",1
"Malta","2018",8,12.08125,15.655,101327350,439255,316,NA,"Developed Economies",2.04117,0.0582572,76.12072365,"Front-Runner",1
"Mexico","2018",44,20.1492,50.63714286,19282525157,126190782,1964375,0.140000001,"Developing Economies",0,0.0105031,70.21082136,"Front-Runner",1
"Mongolia","2018",1,74,NA,610303476,3170214,1564110,NA,"Not Specified",0,0.0533736,64.05054252,"Performer",0
"Montenegro","2018",3,NA,19.99,98666168,627803,13812,NA,"Economies in Transition",0,0.0503671,68.00884538,"Front-Runner",1
"Morocco","2018",4,NA,16.31333333,1604842353,36029089,446550,NA,"Developing Economies",0,0.0251869,67.94849078,"Front-Runner",1
"Nepal","2018",4,49.02,NA,131959923,28095712,147181,NA,"Least Developed",0,0.058487,65.32176521,"Front-Runner",1
"Netherlands","2018",52,12.340625,20.96326087,11448271615,17059560,41850,6.300000191,"Developed Economies",186.31855,0.0213163,79.68093214,"Front-Runner",1
"North Macedonia","2018",8,NA,24.345,620974811,2082957,0,NA,"Not Specified",0,0.0283312,71.66265101,"Front-Runner",1
"Norway","2018",36,7.0421875,19.49933333,2548245609,5337960,323802,49,"Developed Economies",52.21146,0.003301,81.95455973,"Front-Runner",1
"Pakistan","2018",1,37.83,29.2,4693244902,212228288,881912,NA,"Developing Economies",0,0.0368103,59.15651765,"Performer",0
"Peru","2018",6,25.99,18.82333333,1842166660,31989265,1285216,NA,"Developing Economies",0,0.0219796,71.54537108,"Front-Runner",1
"Philippines","2018",12,18,NA,3107640835,106651394,342353,NA,"Developing Economies",0,0.0486731,65.94777939,"Front-Runner",1
"Poland","2018",192,23.2772,16.15808696,27244762461,37921585,312679,0.140000001,"Developed Economies",411.85217,0.0544146,80.201457,"Front-Runner",1
"Portugal","2018",50,7.857777778,18.08918919,2526578458,10256192,92090,3.700000048,"Developed Economies",67.13179,0.0317357,78.33295056,"Front-Runner",1
"Qatar","2018",1,44,47,1872880485,2781682,11586,NA,"Developing Economies",0,-0.0083788,66.02154376,"Front-Runner",1
"Republic of Korea","2018",17,22.58823529,34.17176471,NA,51171700,NA,NA,"Developing Economies",0,0.0275599,77.40784269,"Front-Runner",1
"Romania","2018",92,18.26916667,20.11270588,8346972292,19506110,238391,NA,"Developed Economies",115.99673,0.0526644,77.14575619,"Front-Runner",1
"Senegal","2018",1,42,15.68,221581944,15854324,196722,NA,"Least Developed",0,0.0329539,57.99586996,"Performer",0
"Serbia","2018",8,NA,24.28142857,2641983296,8802741,88361,NA,"Economies in Transition",0,0.0481414,74.8759618,"Front-Runner",1
"Singapore","2018",1,15,26,2065818530,5757503,710,NA,"Developing Economies",0,0.0260841,71.86621271,"Front-Runner",1
"Slovakia","2018",31,18.11740741,18.08047619,3805377248,5453017,49037,NA,"Developed Economies",42.15913,0.0369707,77.80553294,"Front-Runner",1
"Slovenia","2018",14,15.3675,18.66777778,824530715,2077836,20273,NA,"Developed Economies",17.52174,0.0435,79.59008158,"Front-Runner",1
"South Africa","2018",13,22.49625,30.163,20236418776,57792520,1221037,0.039999999,"Developing Economies",0,-0.0057805,62.28581527,"Performer",0
"Spain","2018",304,9.016129032,14.50216495,14392919429,46692863,505992,0.870000005,"Developed Economies",333.25041,0.0218926,78.92379414,"Front-Runner",1
"Sri Lanka","2018",1,31.66,NA,456349546,21228760,65610,NA,"Developing Economies",0,0.0278198,69.52318676,"Front-Runner",1
"Sweden","2018",53,6.572222222,15.24829787,4908383990,9971630,450295,7.599999905,"Developed Economies",52.17022,0.0126765,85.06175174,"Front-Runner",1
"Switzerland","2018",110,11.25368421,20.2212381,2953744515,8525614,41284,3.200000048,"Developed Economies",46.36971,0.0207423,80.26901016,"Front-Runner",1
"Trinidad and Tobago","2018",2,12.4,6.55,1493673254,1389841,5130,NA,"Developing Economies",0,-0.0111966,65.63794266,"Front-Runner",1
"Turkey","2018",112,22.94173913,27.41142857,10047648773,82340090,783562,NA,"Developed Economies",NA,NA,70.16301349,"Front-Runner",1
"Uganda","2018",1,59.04,NA,94981979,42729032,241550,NA,"Least Developed",0,0.0184031,54.35741842,"Performer",0
"Ukraine","2018",1,22.82,NA,30122668146,44246158,603500,NA,"Economies in Transition",339.79789,0.0396982,74.23963466,"Front-Runner",1
"United Arab Emirates","2018",5,51.53,39.478,4391023395,9630966,83600,NA,"Developing Economies",0,-0.0032055,67.52069732,"Front-Runner",1
"United Kingdom","2018",107,9.838596491,21.81794118,77462557032,67141678,242900,2.099999905,"Developed Economies",466.66698,0.010238,80.97069256,"Front-Runner",1
"United States of America","2018",180,8.861343284,12.95297872,4.07e+11,327096263,9372610,2,"Developed Economies",6671.4494,0.0228595,74.11217696,"Front-Runner",1
"Uruguay","2018",1,12,NA,358804882,3449290,181034,NA,"Developing Economies",0,0.0010959,75.80157199,"Front-Runner",1
"Uzbekistan","2018",1,43.09,NA,6083366012,32476232,447400,NA,"Economies in Transition",0,0.0376957,67.52762678,"Front-Runner",1
"Viet Nam","2018",2,33.38,NA,3462656796,95545959,331212,NA,"Developing Economies",0,0.0601641,71.88109237,"Front-Runner",1
"Afghanistan","2019",1,119.77,NA,180688461,38041757,652230,NA,"Least Developed",0,0.0153564,51.84788639,"Performer",0
"Albania","2019",1,10.32,NA,280967834,2880913,28748,NA,"Economies in Transition",0,0.0217804,71.48606092,"Front-Runner",1
"Algeria","2019",1,21.53,NA,4432136175,43053054,2381741,NA,"Developing Economies",0,-0.0113074,70.51091653,"Front-Runner",1
"Argentina","2019",1,NA,18.25,8274234941,44780675,2780400,NA,"Developing Economies",0,-0.030053,72.97334566,"Front-Runner",1
"Australia","2019",69,7.455,9.826666667,18243857842,25203200,7692024,1.200000048,"Developed Economies",545.15252,-0.0149174,75.46759181,"Front-Runner",1
"Austria","2019",116,11.08685714,16.63601852,5444873659,8955108,83871,NA,"Developed Economies",79.84225,0.0076912,82.26852846,"Front-Runner",1
"Bahrain","2019",3,43.39,51.625,891343126,1641164,765,NA,"Developing Economies",0,-0.0246768,64.15205623,"Performer",0
"Bangladesh","2019",1,86.48,NA,1469464282,163046173,147570,NA,"Least Developed",0,0.0704529,63.41750756,"Performer",0
"Belgium","2019",62,10.92553191,18.74157895,12459393408,11539326,30528,3.200000048,"Developed Economies",116.65149,0.0164365,79.47479531,"Front-Runner",1
"Bosnia and Herzegovina","2019",9,38.95666667,21.06333333,933366340,3300998,51209,NA,"Economies in Transition",0,0.0354515,71.46662666,"Front-Runner",1
"Brazil","2019",43,15.43,16.955625,15771122931,211049519,8515767,0.083999999,"Developing Economies",0,0.0065185,72.68203235,"Front-Runner",1
"Bulgaria","2019",29,16.53857143,18.33875,3793765902,7000117,110879,NA,"Developed Economies",55.95528,0.0480289,73.89981727,"Front-Runner",1
"Canada","2019",180,5.92125,11.10432624,33040920340,37411038,9984670,3.200000048,"Developed Economies",730.24494,0.0094525,77.68181569,"Front-Runner",1
"Chile","2019",40,19.02972973,16.46,2821891690,18952035,756102,0.109999999,"Developing Economies",0,-0.0024508,77.65666674,"Front-Runner",1
"China","2019",972,38.50875514,NA,2.25e+11,1433783692,9706961,4.599999905,"Developing Economies",0,0.0549708,71.98001155,"Front-Runner",1
"Colombia","2019",11,17.309,NA,3309997733,50339443,1141748,NA,"Developing Economies",0,0.0188926,70.53377906,"Front-Runner",1
"Costa Rica","2019",1,7.4,NA,247154689,5047561,51100,NA,"Developing Economies",0,0.0119395,73.99670336,"Front-Runner",1
"Croatia","2019",17,13.715,17.129,1061562248,4130299,56594,NA,"Developed Economies",23.60502,0.0413588,78.17616064,"Front-Runner",1
"Cyprus","2019",4,13.025,14.915,286529842,1198574,9251,NA,"Developed Economies",8.84153,0.0446548,73.69350677,"Front-Runner",1
"Czech Republic","2019",100,15.28473684,14.76127273,11829765457,10689213,78865,NA,"Developed Economies",122.63851,0.0280266,80.002794,"Front-Runner",1
"Denmark","2019",9,10.242,10.70333333,4056438497,5771877,43094,4.199999809,"Developed Economies",45.81218,0.0176525,85.39122696,"Front-Runner",1
"Estonia","2019",8,4.5975,5.585,1619741881,1325649,45227,NA,"Developed Economies",14.69912,0.0388213,80.54412927,"Front-Runner",1
"Ethiopia","2019",1,20.48,NA,243906642,112078727,1104300,NA,"Least Developed",0,0.0560435,56.3995472,"Performer",0
"Finland","2019",30,5.308333333,10.48571429,3151793106,5532159,338424,6.900000095,"Developed Economies",53.02125,0.0116826,86.17886387,"Front-Runner",1
"France","2019",355,9.418161765,16.60250836,38452046901,65129731,551695,2.799999952,"Developed Economies",442.98467,0.016007,81.12313557,"Front-Runner",1
"Germany","2019",347,10.36333333,21.71975976,91991304745,83517046,357114,2.900000095,"Developed Economies",809.79854,0.0058043,81.94453319,"Front-Runner",1
"Greece","2019",19,16.838,24.62333333,4021436259,10473452,131990,0.419999987,"Developed Economies",85.63094,0.0227785,76.49569594,"Front-Runner",1
"Guatemala","2019",1,14,NA,425993226,17581476,108889,NA,"Developing Economies",0,0.018959,60.90243817,"Performer",0
"Hungary","2019",18,14.80428571,17.78,4962514903,9684680,93028,NA,"Developed Economies",64.43317,0.0480042,78.59076256,"Front-Runner",1
"Iceland","2019",8,3.988,8.5325,148887763,339037,103000,23,"Developed Economies",4.72235,0.0173446,78.58288305,"Front-Runner",1
"India","2019",361,39.6319697,22.61812308,51974696684,1366417756,3287590,0.024,"Developing Economies",0,0.0299266,60.38517976,"Performer",0
"Indonesia","2019",1,46.35,NA,13810459568,270625567,1904569,NA,"Developing Economies",0,0.0387144,68.41670465,"Front-Runner",1
"Iran, Islamic Rep.","2019",21,23.9065,86.18,18169403625,82913893,1648195,NA,"Developing Economies",0,-0.0803631,68.58757563,"Front-Runner",1
"Iraq","2019",3,43.34,54.41666667,4445706490,39309789,438317,NA,"Developing Economies",0,0.0359563,62.54634832,"Performer",0
"Ireland","2019",22,8.896153846,16.47454545,2190711866,4882498,70273,NA,"Developed Economies",59.77764,0.0354594,80.65221625,"Front-Runner",1
"Italy","2019",435,14.4304,19.41116114,24435241474,60550092,301336,0.889999986,"Developed Economies",418.2806,0.0053833,77.94325798,"Front-Runner",1
"Jordan","2019",4,26.83,23.36,675814875,10101697,89342,NA,"Developing Economies",0,0.0057785,69.25746099,"Front-Runner",1
"Kazakhstan","2019",1,21.77,NA,13616904513,18551428,2724900,NA,"Economies in Transition",0,0.0319422,71.90296896,"Front-Runner",1
"Kenya","2019",1,10.79,NA,450881320,52573967,580367,NA,"Developing Economies",0,0.0262207,60.6740965,"Performer",0
"Kuwait","2019",6,40.74333333,28.158,2788580622,4207077,17818,NA,"Developing Economies",0,-0.0220108,64.26506491,"Performer",0
"Latvia","2019",5,11.434,13.04,943502130,1906740,64559,NA,"Developed Economies",11.13213,0.0365153,79.85515315,"Front-Runner",1
"Lithuania","2019",10,13.164,14.57,1544047778,2759631,65300,NA,"Developed Economies",20.36785,0.0615157,74.89815,"Front-Runner",1
"Luxembourg","2019",7,7.986666667,21.26666667,745511317,615730,2586,NA,"Developed Economies",10.7428,0.0135745,75.10921424,"Front-Runner",1
"Madagascar","2019",1,19,NA,93090421,26969306,587041,NA,"Least Developed",0,0.0167412,49.92294146,"Performer",0
"Malaysia","2019",16,20.966875,13.470625,5799356085,31949789,330803,NA,"Developing Economies",0,0.02926,70.1580119,"Front-Runner",1
"Malta","2019",4,11.8,14.9575,102996495,440377,316,NA,"Developed Economies",2.17472,0.0546566,76.36276655,"Front-Runner",1
"Mauritius","2019",3,NA,14.95,111777149,1269670,2040,NA,"Developing Economies",0,0.0281084,68.29326275,"Front-Runner",1
"Mongolia","2019",1,60,NA,698994802,3225166,1564110,NA,"Not Specified",0,0.0336736,63.64477403,"Performer",0
"Montenegro","2019",1,NA,14.89,101311162,627988,13812,NA,"Economies in Transition",0,0.0403347,68.83068459,"Front-Runner",1
"Morocco","2019",3,NA,10.71,1673058965,36471766,446550,NA,"Developing Economies",0,0.0246701,68.48649391,"Front-Runner",1
"Myanmar","2019",1,18.08,NA,575165303,54045422,676578,NA,"Least Developed",0,0.0253024,65.58391758,"Front-Runner",1
"Nepal","2019",11,26.09545455,NA,148926467,28608715,147181,NA,"Least Developed",0,0.0474454,65.94016255,"Front-Runner",1
"Netherlands","2019",53,10.91125,19.65645833,11601871597,17097123,41850,15,"Developed Economies",180.30909,0.0173155,79.68232178,"Front-Runner",1
"North Macedonia","2019",8,NA,19.90857143,628949485,2083458,0,NA,"Not Specified",0,0.0314928,72.05641082,"Front-Runner",1
"Norway","2019",36,6.451612903,19.4216129,2591110609,5378859,323802,56,"Developed Economies",50.33398,0.0008513,82.2487299,"Front-Runner",1
"Pakistan","2019",4,71.855,22.54,4927533859,216565317,881912,NA,"Developing Economies",0,-0.0103362,59.15185224,"Performer",0
"Peru","2019",1,30.14,NA,1897144197,32510462,1285216,NA,"Developing Economies",0,0.0056549,72.12679167,"Front-Runner",1
"Poland","2019",199,18.73477273,14.6114876,27564283436,37887771,312679,0.280000001,"Developed Economies",390.74467,0.0483846,80.56857773,"Front-Runner",1
"Portugal","2019",49,6.546428571,16.27230769,2574207542,10226178,92090,5.699999809,"Developed Economies",63.46998,0.0298405,78.68972591,"Front-Runner",1
"Qatar","2019",1,41,42,1987917260,2832071,11586,NA,"Developing Economies",0,-0.0101807,66.52641407,"Front-Runner",1
"Republic of Korea","2019",17,22.70588235,32.51294118,NA,51225321,NA,NA,"Developing Economies",0,0.0213699,77.41351272,"Front-Runner",1
"Romania","2019",78,15.9575,21.2075,8421818562,19364558,238391,NA,"Developed Economies",112.66459,0.0494988,77.47162906,"Front-Runner",1
"Saudi Arabia","2019",1,34.12,NA,15310869119,34268529,2149690,NA,"Developing Economies",0,-0.0132504,65.5414334,"Front-Runner",1
"Senegal","2019",1,NA,16.79,232847476,16296362,196722,NA,"Least Developed",0,0.0157048,58.6253979,"Performer",0
"Serbia","2019",10,NA,24.26555556,2691320930,8772228,88361,NA,"Economies in Transition",0,0.0469471,75.50418316,"Front-Runner",1
"Singapore","2019",1,16,23,2111523824,5804343,710,NA,"Developing Economies",0,0.0052741,71.92771934,"Front-Runner",1
"Slovakia","2019",31,15.59407407,16.83952381,3839150699,5457012,49037,NA,"Developed Economies",39.94833,0.0253018,78.01214842,"Front-Runner",1
"Slovenia","2019",14,12.4525,18.89,838536616,2078654,20273,NA,"Developed Economies",17.06545,0.0320995,79.81174951,"Front-Runner",1
"South Africa","2019",20,21.08266667,18.64466667,20712341392,58558267,1221037,0.064000003,"Developing Economies",0,-0.0115709,63.38529328,"Performer",0
"Spain","2019",304,8.969680851,14.30725694,14644417928,46736782,505992,1.399999976,"Developed Economies",314.52851,0.0198926,79.42890754,"Front-Runner",1
"Sri Lanka","2019",1,23.58,NA,479174439,21323734,65610,NA,"Developing Economies",0,0.0179976,69.70409363,"Front-Runner",1
"Sweden","2019",54,5.623333333,14.38047619,4949320857,10036391,450295,11,"Developed Economies",50.91986,0.0132832,85.11911141,"Front-Runner",1
"Switzerland","2019",105,9.358064516,19.29882353,2990486380,8591361,41284,5.599999905,"Developed Economies",46.10819,0.0043637,80.5436983,"Front-Runner",1
"Tajikistan","2019",1,71.52,NA,480165854,9321023,143100,NA,"Economies in Transition",0,0.0490505,69.25259107,"Front-Runner",1
"Thailand","2019",34,24.6659375,20.174,7106532407,69625581,513120,NA,"Developing Economies",0,0.0197687,74.1688345,"Front-Runner",1
"Trinidad and Tobago","2019",3,11.93333333,12.4,1534051708,1394969,5130,NA,"Developing Economies",0,-0.0053856,65.44880302,"Front-Runner",1
"Turkey","2019",117,21.86659091,29.81358209,10446993687,83429607,783562,NA,"Developed Economies",NA,NA,70.3990747,"Front-Runner",1
"Turkmenistan","2019",1,22.08,NA,2359427953,5942094,488100,NA,"Economies in Transition",NA,-0.091367,64.72948783,"Performer",0
"Uganda","2019",1,60.15,NA,100702776,44269587,241550,NA,"Least Developed",0,0.0396058,54.67406828,"Performer",0
"Ukraine","2019",1,23.36,NA,30345247469,43993643,603500,NA,"Economies in Transition",332.11402,0.0381396,74.97057304,"Front-Runner",1
"United Arab Emirates","2019",5,45.64,35.094,4545209155,9770526,83600,NA,"Developing Economies",NA,0.0193433,68.98297773,"Front-Runner",1
"United Kingdom","2019",111,9.592131148,21.67439252,77831566725,67530161,242900,3.099999905,"Developed Economies",453.10146,0.0108705,80.87105885,"Front-Runner",1
"United States of America","2019",160,7.319298246,12.86125,4.12e+11,329064917,9372610,2.099999905,"Developed Economies",6558.34518,0.0167692,74.40221085,"Front-Runner",1
"Uzbekistan","2019",1,41.96,NA,6197565000,32981715,447400,NA,"Economies in Transition",NA,0.0417701,68.58096124,"Front-Runner",1
"Viet Nam","2019",2,39.355,NA,3722968889,96462108,331212,NA,"Developing Economies",0,0.0600104,72.04178179,"Front-Runner",1
"Iran, Islamic Rep.","2020",21,27.056,86.18,18914438734,83992953,1648195,NA,"Developing Economies",0,0.0206002,68.56794937,"Front-Runner",1
"Iraq","2020",3,NA,55.77666667,4656535636,40222503,438317,NA,"Developing Economies",0,-0.175866,61.91817787,"Performer",0
"Kuwait","2020",5,37.444,26.844,2877515699,4270563,17818,NA,"Developing Economies",0,-0.1021043,64.32887079,"Performer",0
"Madagascar","2020",1,32,NA,96770039,27691019,587041,NA,"Least Developed",0,-0.1023938,50.13541218,"Performer",0
"Morocco","2020",5,NA,20.748,1737595218,36910558,446550,NA,"Developing Economies",0,-0.0615068,68.77671916,"Front-Runner",1
"Nepal","2020",2,36.585,NA,165884135,29136808,147181,NA,"Least Developed",0,-0.03863,65.86356712,"Front-Runner",1
"Pakistan","2020",1,32.29,21.06,5162288599,220892331,881912,NA,"Developing Economies",0,-0.0144365,59.07566331,"Performer",0
"Qatar","2020",1,33,28,2094572227,2881060,11586,NA,"Developing Economies",0,-0.0529162,66.57583613,"Front-Runner",1
"Republic of Korea","2020",17,18.41176471,28.2,NA,51269183,NA,NA,"Developing Economies",0,-0.0093688,77.66770563,"Front-Runner",1
"Singapore","2020",1,11,20,2157027728,5850343,710,NA,"Developing Economies",0,-0.0613499,71.66158026,"Front-Runner",1
"South Africa","2020",19,22.63285714,16.485,21164298479,59308690,1221037,0.097999997,"Developing Economies",0,-0.0815932,63.8069472,"Performer",0
"Switzerland","2020",82,9.084821429,16.98155844,3022784713,8654618,41284,14,"Developed Economies",0,-0.0310624,80.63934414,"Front-Runner",1
"United Arab Emirates","2020",6,NA,33.97833333,4695477307,9890400,83600,NA,"Developing Economies",0,-0.0727217,68.84697815,"Front-Runner",1
"Qatar","2021",1,38,30,NA,2930524,NA,NA,"Developing Economies",NA,NA,66.67685574,"Front-Runner",1
"South Africa","2021",17,22.334,16.84846154,NA,60041996,NA,0.089000002,"Developing Economies",NA,NA,63.70682283,"Performer",0
